SK1_cnae_principal,Soma de cod_cnae_principal,dsc_cnae_principal,dt_carga
-1,0,ATIVIDADE NAO INFORMADA,2023-06-03 01:16:22
0,1012101,ABATE DE AVES,2023-06-03 01:16:22
1,1531902,ACABAMENTO DE CALCADOS DE COURO SOB CONTRATO,2023-06-03 01:16:22
2,8550301,ADMINISTRACAO DE CAIXAS ESCOLARES,2023-06-03 01:16:22
3,6613400,ADMINISTRACAO DE CARTOES DE CREDITO,2023-06-03 01:16:22
4,4399101,ADMINISTRACAO DE OBRAS,2023-06-03 01:16:22
5,8411600,ADMINISTRACAO PUBLICA EM GERAL,2023-06-03 01:16:22
6,5250803,AGENCIAMENTO DE CARGAS EXCETO PARA O TRANSPORTE MARITIMO,2023-06-03 01:16:22
7,7312200,AGENCIAMENTO DE ESPACOS PARA PUBLICIDADE EXCETO EM VEICULOS DE COMUNICACAO,2023-06-03 01:16:22
8,7490105,AGENCIAMENTO DE PROFISSIONAIS PARA ATIVIDADES ESPORTIVAS CULTURAIS E ARTISTICAS,2023-06-03 01:16:22
9,6391700,AGENCIAS DE NOTICIAS,2023-06-03 01:16:22
10,7311400,AGENCIAS DE PUBLICIDADE,2023-06-03 01:16:22
11,7311400,AGENCIAS DE PUBLICIDADE DISPENSADA,2023-06-03 01:16:22
12,7911200,AGENCIAS DE VIAGENS,2023-06-03 01:16:22
13,7911200,AGENCIAS DE VIAGENS DISPENSADA,2023-06-03 01:16:22
14,6612605,AGENTES DE INVESTIMENTOS EM APLICACOES FINANCEIRAS,2023-06-03 01:16:22
15,9609207,ALOJAMENTO DE ANIMAIS DOMESTICOS,2023-06-03 01:16:22
16,7732202,ALUGUEL DE ANDAIMES,2023-06-03 01:16:22
17,7729201,ALUGUEL DE APARELHOS DE JOGOS ELETRONICOS,2023-06-03 01:16:22
18,7721700,ALUGUEL DE EQUIPAMENTOS RECREATIVOS E ESPORTIVOS,2023-06-03 01:16:22
19,7722500,ALUGUEL DE FITAS DE VIDEO DVDS E SIMILARES,2023-06-03 01:16:22
20,6810202,ALUGUEL DE IMOVEIS PROPRIOS,2023-06-03 01:16:22
21,6810202,ALUGUEL DE IMOVEIS PROPRIOS DISPENSADA,2023-06-03 01:16:22
22,7731400,ALUGUEL DE MAQUINAS E EQUIPAMENTOS AGRICOLAS SEM OPERADOR,2023-06-03 01:16:22
23,7732201,ALUGUEL DE MAQUINAS E EQUIPAMENTOS PARA CONSTRUCAO SEM OPERADOR EXCETO ANDAIMES,2023-06-03 01:16:22
24,7733100,ALUGUEL DE MAQUINAS E EQUIPAMENTOS PARA ESCRITORIOS,2023-06-03 01:16:22
25,7729202,ALUGUEL DE MOVEIS UTENSILIOS E APARELHOS DE USO DOMESTICO E PESSOAL INSTRUMENTOS MUSICAIS,2023-06-03 01:16:22
26,7723300,ALUGUEL DE OBJETOS DO VESTUARIO JOIAS E ACESSORIOS,2023-06-03 01:16:22
27,7723300,ALUGUEL DE OBJETOS DO VESTUARIO JOIAS E ACESSORIOS DISPENSADA,2023-06-03 01:16:22
28,7739099,ALUGUEL DE OUTRAS MAQUINAS E EQUIPAMENTOS COMERCIAIS E INDUSTRIAIS NAO ESPECIFICADOS ANTERIORMENTE SEM OPERADOR,2023-06-03 01:16:22
29,7729299,ALUGUEL DE OUTROS OBJETOS PESSOAIS E DOMESTICOS NAO ESPECIFICADOS ANTERIORMENTE,2023-06-03 01:16:22
30,7739003,ALUGUEL DE PALCOS COBERTURAS E OUTRAS ESTRUTURAS DE USO TEMPORARIO EXCETO ANDAIMES,2023-06-03 01:16:22
31,2391503,APARELHAMENTO DE PLACAS E EXECUCAO DE TRABALHOS EM MARMORE GRANITO ARDOSIA E OUTRAS PEDRAS,2023-06-03 01:16:22
32,159801,APICULTURA,2023-06-03 01:16:22
33,4330405,APLICACAO DE REVESTIMENTOS E DE RESINAS EM INTERIORES E EXTERIORES,2023-06-03 01:16:22
34,5211701,ARMAZENS GERAIS EMISSAO DE WARRANT,2023-06-03 01:16:22
35,9001999,ARTES CENICAS ESPETACULOS E ATIVIDADES COMPLEMENTARES NAO ESPECIFICADAS ANTERIORMENTE,2023-06-03 01:16:22
36,8630502,ATIVIDADE MEDICA AMBULATORIAL COM RECURSOS PARA REALIZACAO DE EXAMES COMPLEMENTARES,2023-06-03 01:16:22
37,8630501,ATIVIDADE MEDICA AMBULATORIAL COM RECURSOS PARA REALIZACAO DE PROCEDIMENTOS CIRURGICOS,2023-06-03 01:16:22
38,8630503,ATIVIDADE MEDICA AMBULATORIAL RESTRITA A CONSULTAS,2023-06-03 01:16:22
39,8630504,ATIVIDADE ODONTOLOGICA,2023-06-03 01:16:22
40,9499500,ATIVIDADES ASSOCIATIVAS NAO ESPECIFICADAS ANTERIORMENTE,2023-06-03 01:16:22
41,9499500,ATIVIDADES ASSOCIATIVAS NAO ESPECIFICADAS ANTERIORMENTE DISPENSADA,2023-06-03 01:16:22
42,6629100,ATIVIDADES AUXILIARES DOS SEGUROS DA PREVIDENCIA COMPLEMENTAR E DOS PLANOS DE SAUDE NAO ESPECIFICADAS ANTERIORMENTE,2023-06-03 01:16:22
43,6630400,ATIVIDADES DE ADMINISTRACAO DE FUNDOS POR CONTRATO OU COMISSAO,2023-06-03 01:16:22
44,5232000,ATIVIDADES DE AGENCIAMENTO MARITIMO,2023-06-03 01:16:22
45,161099,ATIVIDADES DE APOIO A AGRICULTURA NAO ESPECIFICADAS ANTERIORMENTE,2023-06-03 01:16:22
46,322107,ATIVIDADES DE APOIO A AQUICULTURA EM AGUA DOCE,2023-06-03 01:16:22
47,8550302,ATIVIDADES DE APOIO A EDUCACAO EXCETO CAIXAS ESCOLARES,2023-06-03 01:16:22
48,8660700,ATIVIDADES DE APOIO A GESTAO DE SAUDE,2023-06-03 01:16:22
49,8660700,ATIVIDADES DE APOIO A GESTAO DE SAUDE DISPENSADA,2023-06-03 01:16:22
50,162899,ATIVIDADES DE APOIO A PECUARIA NAO ESPECIFICADAS ANTERIORMENTE,2023-06-03 01:16:22
51,230600,ATIVIDADES DE APOIO A PRODUCAO FLORESTAL,2023-06-03 01:16:22
52,9002701,ATIVIDADES DE ARTISTAS PLASTICOS JORNALISTAS INDEPENDENTES E ESCRITORES,2023-06-03 01:16:22
53,8720499,ATIVIDADES DE ASSISTENCIA PSICOSSOCIAL E A SAUDE A PORTADORES DE DISTURBIOS PSIQUICOS DEFICIENCIA MENTAL E DEPENDENCIA QUIMICA E GRUPOS SIMILARES NAO ESPECIFICADAS ANTERIORMENTE,2023-06-03 01:16:22
54,8730199,ATIVIDADES DE ASSISTENCIA SOCIAL PRESTADAS EM RESIDENCIAS COLETIVAS E PARTICULARES NAO ESPECIFICADAS ANTERIORMENTE,2023-06-03 01:16:22
55,9430800,ATIVIDADES DE ASSOCIACOES DE DEFESA DE DIREITOS SOCIAIS,2023-06-03 01:16:22
56,9430800,ATIVIDADES DE ASSOCIACOES DE DEFESA DE DIREITOS SOCIAIS DISPENSADA,2023-06-03 01:16:22
57,8630599,ATIVIDADES DE ATENCAO AMBULATORIAL NAO ESPECIFICADAS ANTERIORMENTE,2023-06-03 01:16:22
58,8610102,ATIVIDADES DE ATENDIMENTO EM PRONTO SOCORRO E UNIDADES HOSPITALARES PARA ATENDIMENTO A URGENCIAS,2023-06-03 01:16:22
59,8610101,ATIVIDADES DE ATENDIMENTO HOSPITALAR EXCETO PRONTO SOCORRO E UNIDADES PARA ATENDIMENTO A URGENCIAS,2023-06-03 01:16:22
60,8720401,ATIVIDADES DE CENTROS DE ASSISTENCIA PSICOSSOCIAL,2023-06-03 01:16:22
61,8291100,ATIVIDADES DE COBRANCAS E INFORMACOES CADASTRAIS,2023-06-03 01:16:22
62,8291100,ATIVIDADES DE COBRANCAS E INFORMACOES CADASTRAIS DISPENSADA,2023-06-03 01:16:22
63,9313100,ATIVIDADES DE CONDICIONAMENTO FISICO,2023-06-03 01:16:22
64,6920602,ATIVIDADES DE CONSULTORIA E AUDITORIA CONTABIL E TRIBUTARIA,2023-06-03 01:16:22
65,6920602,ATIVIDADES DE CONSULTORIA E AUDITORIA CONTABIL E TRIBUTARIA DISPENSADA,2023-06-03 01:16:22
66,7020400,ATIVIDADES DE CONSULTORIA EM GESTAO EMPRESARIAL EXCETO CONSULTORIA TECNICA ESPECIFICA,2023-06-03 01:16:22
67,7020400,ATIVIDADES DE CONSULTORIA EM GESTAO EMPRESARIAL EXCETO CONSULTORIA TECNICA ESPECIFICA DISPENSADA,2023-06-03 01:16:22
68,6920601,ATIVIDADES DE CONTABILIDADE,2023-06-03 01:16:22
69,6920601,ATIVIDADES DE CONTABILIDADE DISPENSADA,2023-06-03 01:16:22
70,5250802,ATIVIDADES DE DESPACHANTES ADUANEIROS,2023-06-03 01:16:22
71,8650001,ATIVIDADES DE ENFERMAGEM,2023-06-03 01:16:22
72,9602502,ATIVIDADES DE ESTETICA E OUTROS SERVICOS DE CUIDADOS COM A BELEZA,2023-06-03 01:16:22
73,7119702,ATIVIDADES DE ESTUDOS GEOLOGICOS,2023-06-03 01:16:22
74,5914600,ATIVIDADES DE EXIBICAO CINEMATOGRAFICA,2023-06-03 01:16:22
75,8650004,ATIVIDADES DE FISIOTERAPIA,2023-06-03 01:16:22
76,8650006,ATIVIDADES DE FONOAUDIOLOGIA,2023-06-03 01:16:22
77,8712300,ATIVIDADES DE FORNECIMENTO DE INFRA ESTRUTURA DE APOIO E ASSISTENCIA A PACIENTE NO DOMICILIO,2023-06-03 01:16:22
78,5920100,ATIVIDADES DE GRAVACAO DE SOM E DE EDICAO DE MUSICA,2023-06-03 01:16:22
79,7490104,ATIVIDADES DE INTERMEDIACAO E AGENCIAMENTO DE SERVICOS E NEGOCIOS EM GERAL EXCETO IMOBILIARIOS,2023-06-03 01:16:22
80,7490104,ATIVIDADES DE INTERMEDIACAO E AGENCIAMENTO DE SERVICOS E NEGOCIOS EM GERAL EXCETO IMOBILIARIOS DISPENSADA,2023-06-03 01:16:22
81,8129000,ATIVIDADES DE LIMPEZA NAO ESPECIFICADAS ANTERIORMENTE,2023-06-03 01:16:22
82,8020001,ATIVIDADES DE MONITORAMENTO DE SISTEMAS DE SEGURANCA ELETRONICO,2023-06-03 01:16:22
83,8020001,ATIVIDADES DE MONITORAMENTO DE SISTEMAS DE SEGURANCA ELETRONICO DISPENSADA,2023-06-03 01:16:22
84,9493600,ATIVIDADES DE ORGANIZACOES ASSOCIATIVAS LIGADAS A CULTURA E A ARTE,2023-06-03 01:16:22
85,9411100,ATIVIDADES DE ORGANIZACOES ASSOCIATIVAS PATRONAIS E EMPRESARIAIS,2023-06-03 01:16:22
86,9492800,ATIVIDADES DE ORGANIZACOES POLITICAS,2023-06-03 01:16:22
87,9491000,ATIVIDADES DE ORGANIZACOES RELIGIOSAS OU FILOSOFICAS,2023-06-03 01:16:22
88,9420100,ATIVIDADES DE ORGANIZACOES SINDICAIS,2023-06-03 01:16:22
89,163600,ATIVIDADES DE POS COLHEITA,2023-06-03 01:16:22
90,5912099,ATIVIDADES DE POS PRODUCAO CINEMATOGRAFICA DE VIDEOS E DE PROGRAMAS DE TELEVISAO NAO ESPECIFICADAS ANTERIORMENTE,2023-06-03 01:16:22
91,8690901,ATIVIDADES DE PRATICAS INTEGRATIVAS E COMPLEMENTARES EM SAUDE HUMANA,2023-06-03 01:16:22
92,5911199,ATIVIDADES DE PRODUCAO CINEMATOGRAFICA DE VIDEOS E DE PROGRAMAS DE TELEVISAO NAO ESPECIFICADAS ANTERIORMENTE,2023-06-03 01:16:22
93,7420002,ATIVIDADES DE PRODUCAO DE FOTOGRAFIAS AEREAS E SUBMARINAS,2023-06-03 01:16:22
94,7420001,ATIVIDADES DE PRODUCAO DE FOTOGRAFIAS EXCETO AEREA E SUBMARINA,2023-06-03 01:16:22
95,7420001,ATIVIDADES DE PRODUCAO DE FOTOGRAFIAS EXCETO AEREA E SUBMARINA DISPENSADA,2023-06-03 01:16:22
96,8650099,ATIVIDADES DE PROFISSIONAIS DA AREA DE SAUDE NAO ESPECIFICADAS ANTERIORMENTE,2023-06-03 01:16:22
97,8650002,ATIVIDADES DE PROFISSIONAIS DA NUTRICAO,2023-06-03 01:16:22
98,8650002,ATIVIDADES DE PROFISSIONAIS DA NUTRICAO DISPENSADA,2023-06-03 01:16:22
99,8650003,ATIVIDADES DE PSICOLOGIA E PSICANALISE,2023-06-03 01:16:22
100,8650003,ATIVIDADES DE PSICOLOGIA E PSICANALISE DISPENSADA,2023-06-03 01:16:22
101,6010100,ATIVIDADES DE RADIO,2023-06-03 01:16:22
102,8640299,ATIVIDADES DE SERVICOS DE COMPLEMENTACAO DIAGNOSTICA E TERAPEUTICA NAO ESPECIFICADAS ANTERIORMENTE,2023-06-03 01:16:22
103,9001906,ATIVIDADES DE SONORIZACAO E DE ILUMINACAO,2023-06-03 01:16:22
104,8220200,ATIVIDADES DE TELEATENDIMENTO,2023-06-03 01:16:22
105,8220200,ATIVIDADES DE TELEATENDIMENTO DISPENSADA,2023-06-03 01:16:22
106,8011101,ATIVIDADES DE VIGILANCIA E SEGURANCA PRIVADA,2023-06-03 01:16:22
107,5310501,ATIVIDADES DO CORREIO NACIONAL,2023-06-03 01:16:22
108,5231102,ATIVIDADES DO OPERADOR PORTUARIO,2023-06-03 01:16:22
109,9603399,ATIVIDADES FUNERARIAS E SERVICOS RELACIONADOS NAO ESPECIFICADOS ANTERIORMENTE,2023-06-03 01:16:22
110,8130300,ATIVIDADES PAISAGISTICAS,2023-06-03 01:16:22
111,3702900,ATIVIDADES RELACIONADAS A ESGOTO EXCETO A GESTAO DE REDES,2023-06-03 01:16:22
112,7119799,ATIVIDADES TECNICAS RELACIONADAS A ENGENHARIA E ARQUITETURA NAO ESPECIFICADAS ANTERIORMENTE,2023-06-03 01:16:22
113,7500100,ATIVIDADES VETERINARIAS,2023-06-03 01:16:22
114,7500100,ATIVIDADES VETERINARIAS DISPENSADA,2023-06-03 01:16:22
115,6621502,AUDITORIA E CONSULTORIA ATUARIAL,2023-06-03 01:16:22
116,6421200,BANCOS COMERCIAIS,2023-06-03 01:16:22
117,6432800,BANCOS DE INVESTIMENTO,2023-06-03 01:16:22
118,6422100,BANCOS MULTIPLOS COM CARTEIRA COMERCIAL,2023-06-03 01:16:22
119,6422100,BANCOS MULTIPLOS COM CARTEIRA COMERCIAL DISPENSADA,2023-06-03 01:16:22
120,6431000,BANCOS MULTIPLOS SEM CARTEIRA COMERCIAL,2023-06-03 01:16:22
121,5611205,BARES E OUTROS ESTABELECIMENTOS ESPECIALIZADOS EM SERVIR BEBIDAS COM ENTRETENIMENTO,2023-06-03 01:16:22
122,5611204,BARES E OUTROS ESTABELECIMENTOS ESPECIALIZADOS EM SERVIR BEBIDAS SEM ENTRETENIMENTO,2023-06-03 01:16:22
123,1061901,BENEFICIAMENTO DE ARROZ,2023-06-03 01:16:22
124,6611803,BOLSA DE MERCADORIAS E FUTUROS,2023-06-03 01:16:22
125,2391501,BRITAMENTO DE PEDRAS EXCETO ASSOCIADO A EXTRACAO,2023-06-03 01:16:22
126,9602501,CABELEIREIROS MANICURE E PEDICURE,2023-06-03 01:16:22
127,6423900,CAIXAS ECONOMICAS,2023-06-03 01:16:22
128,5590602,CAMPINGS,2023-06-03 01:16:22
129,5620103,CANTINAS SERVICOS DE ALIMENTACAO PRIVATIVOS,2023-06-03 01:16:22
130,3600601,CAPTACAO TRATAMENTO E DISTRIBUICAO DE AGUA,2023-06-03 01:16:22
131,5212500,CARGA E DESCARGA,2023-06-03 01:16:22
132,6912500,CARTORIOS,2023-06-03 01:16:22
133,8230002,CASAS DE FESTAS E EVENTOS,2023-06-03 01:16:22
134,8299706,CASAS LOTERICAS,2023-06-03 01:16:22
135,9529102,CHAVEIROS,2023-06-03 01:16:22
136,8711501,CLINICAS E RESIDENCIAS GERIATRICAS,2023-06-03 01:16:22
137,6499901,CLUBES DE INVESTIMENTO,2023-06-03 01:16:22
138,9312300,CLUBES SOCIAIS ESPORTIVOS E SIMILARES,2023-06-03 01:16:22
139,220904,COLETA DE LATEX EM FLORESTAS NATIVAS,2023-06-03 01:16:22
140,3811400,COLETA DE RESIDUOS NAO PERIGOSOS,2023-06-03 01:16:22
141,4511101,COMERCIO A VAREJO DE AUTOMOVEIS CAMIONETAS E UTILITARIOS NOVOS,2023-06-03 01:16:22
142,4511102,COMERCIO A VAREJO DE AUTOMOVEIS CAMIONETAS E UTILITARIOS USADOS,2023-06-03 01:16:22
143,4541203,COMERCIO A VAREJO DE MOTOCICLETAS E MOTONETAS NOVAS,2023-06-03 01:16:22
144,4541204,COMERCIO A VAREJO DE MOTOCICLETAS E MOTONETAS USADAS,2023-06-03 01:16:22
145,4541206,COMERCIO A VAREJO DE PECAS E ACESSORIOS NOVOS PARA MOTOCICLETAS E MOTONETAS,2023-06-03 01:16:22
146,4530703,COMERCIO A VAREJO DE PECAS E ACESSORIOS NOVOS PARA VEICULOS AUTOMOTORES,2023-06-03 01:16:22
147,4530703,COMERCIO A VAREJO DE PECAS E ACESSORIOS NOVOS PARA VEICULOS AUTOMOTORES DISPENSADA,2023-06-03 01:16:22
148,4530704,COMERCIO A VAREJO DE PECAS E ACESSORIOS USADOS PARA VEICULOS AUTOMOTORES,2023-06-03 01:16:22
149,4530705,COMERCIO A VAREJO DE PNEUMATICOS E CAMARAS DE AR,2023-06-03 01:16:22
150,4530705,COMERCIO A VAREJO DE PNEUMATICOS E CAMARAS DE AR DISPENSADA,2023-06-03 01:16:22
151,4637102,COMERCIO ATACADISTA DE ACUCAR,2023-06-03 01:16:22
152,4635401,COMERCIO ATACADISTA DE AGUA MINERAL,2023-06-03 01:16:22
153,4681801,COMERCIO ATACADISTA DE ALCOOL CARBURANTE BIODIESEL GASOLINA E DEMAIS DERIVADOS DE PETROLEO EXCETO LUBRIFICANTES NAO REALIZADO POR TRANSPORTADOR RETALHISTA T R R,2023-06-03 01:16:22
154,4623109,COMERCIO ATACADISTA DE ALIMENTOS PARA ANIMAIS,2023-06-03 01:16:22
155,4623101,COMERCIO ATACADISTA DE ANIMAIS VIVOS,2023-06-03 01:16:22
156,4649402,COMERCIO ATACADISTA DE APARELHOS ELETRONICOS DE USO PESSOAL E DOMESTICO,2023-06-03 01:16:22
157,4641903,COMERCIO ATACADISTA DE ARTIGOS DE ARMARINHO,2023-06-03 01:16:22
158,4641902,COMERCIO ATACADISTA DE ARTIGOS DE CAMA MESA E BANHO,2023-06-03 01:16:22
159,4647801,COMERCIO ATACADISTA DE ARTIGOS DE ESCRITORIO E DE PAPELARIA,2023-06-03 01:16:22
160,4647801,COMERCIO ATACADISTA DE ARTIGOS DE ESCRITORIO E DE PAPELARIA DISPENSADA,2023-06-03 01:16:22
161,4642701,COMERCIO ATACADISTA DE ARTIGOS DO VESTUARIO E ACESSORIOS EXCETO PROFISSIONAIS E DE SEGURANCA,2023-06-03 01:16:22
162,4634602,COMERCIO ATACADISTA DE AVES ABATIDAS E DERIVADOS,2023-06-03 01:16:22
163,4633802,COMERCIO ATACADISTA DE AVES VIVAS E OVOS,2023-06-03 01:16:22
164,4635403,COMERCIO ATACADISTA DE BEBIDAS COM ATIVIDADE DE FRACIONAMENTO E ACONDICIONAMENTO ASSOCIADA,2023-06-03 01:16:22
165,4635499,COMERCIO ATACADISTA DE BEBIDAS NAO ESPECIFICADAS ANTERIORMENTE,2023-06-03 01:16:22
166,4669901,COMERCIO ATACADISTA DE BOMBAS E COMPRESSORES PARTES E PECAS,2023-06-03 01:16:22
167,4621400,COMERCIO ATACADISTA DE CAFE EM GRAO,2023-06-03 01:16:22
168,4643501,COMERCIO ATACADISTA DE CALCADOS,2023-06-03 01:16:22
169,4634601,COMERCIO ATACADISTA DE CARNES BOVINAS E SUINAS E DERIVADOS,2023-06-03 01:16:22
170,4632001,COMERCIO ATACADISTA DE CEREAIS E LEGUMINOSAS BENEFICIADOS,2023-06-03 01:16:22
171,4632003,COMERCIO ATACADISTA DE CEREAIS E LEGUMINOSAS BENEFICIADOS FARINHAS AMIDOS E FECULAS COM ATIVIDADE DE FRACIONAMENTO E ACONDICIONAMENTO ASSOCIADA,2023-06-03 01:16:22
172,4635402,COMERCIO ATACADISTA DE CERVEJA CHOPE E REFRIGERANTE,2023-06-03 01:16:22
173,4637107,COMERCIO ATACADISTA DE CHOCOLATES CONFEITOS BALAS BOMBONS E SEMELHANTES,2023-06-03 01:16:22
174,4674500,COMERCIO ATACADISTA DE CIMENTO,2023-06-03 01:16:22
175,4681803,COMERCIO ATACADISTA DE COMBUSTIVEIS DE ORIGEM VEGETAL EXCETO ALCOOL CARBURANTE,2023-06-03 01:16:22
176,4652400,COMERCIO ATACADISTA DE COMPONENTES ELETRONICOS E EQUIPAMENTOS DE TELEFONIA E COMUNICACAO,2023-06-03 01:16:22
177,4646001,COMERCIO ATACADISTA DE COSMETICOS E PRODUTOS DE PERFUMARIA,2023-06-03 01:16:22
178,4623102,COMERCIO ATACADISTA DE COUROS LAS PELES E OUTROS SUBPRODUTOS NAO COMESTIVEIS DE ORIGEM ANIMAL,2023-06-03 01:16:22
179,4683400,COMERCIO ATACADISTA DE DEFENSIVOS AGRICOLAS ADUBOS FERTILIZANTES E CORRETIVOS DO SOLO,2023-06-03 01:16:22
180,4686902,COMERCIO ATACADISTA DE EMBALAGENS,2023-06-03 01:16:22
181,4651601,COMERCIO ATACADISTA DE EQUIPAMENTOS DE INFORMATICA,2023-06-03 01:16:22
182,4649401,COMERCIO ATACADISTA DE EQUIPAMENTOS ELETRICOS DE USO PESSOAL E DOMESTICO,2023-06-03 01:16:22
183,4672900,COMERCIO ATACADISTA DE FERRAGENS E FERRAMENTAS,2023-06-03 01:16:22
184,4689302,COMERCIO ATACADISTA DE FIOS E FIBRAS BENEFICIADOS,2023-06-03 01:16:22
185,4633801,COMERCIO ATACADISTA DE FRUTAS VERDURAS RAIZES TUBERCULOS HORTALICAS E LEGUMES FRESCOS,2023-06-03 01:16:22
186,4682600,COMERCIO ATACADISTA DE GAS LIQUEFEITO DE PETROLEO GLP,2023-06-03 01:16:22
187,4645101,COMERCIO ATACADISTA DE INSTRUMENTOS E MATERIAIS PARA USO MEDICO CIRURGICO HOSPITALAR E DE LABORATORIOS,2023-06-03 01:16:22
188,4649410,COMERCIO ATACADISTA DE JOIAS RELOGIOS E BIJUTERIAS INCLUSIVE PEDRAS PRECIOSAS E SEMIPRECIOSAS LAPIDADAS,2023-06-03 01:16:22
189,4631100,COMERCIO ATACADISTA DE LEITE E LATICINIOS,2023-06-03 01:16:22
190,4649406,COMERCIO ATACADISTA DE LUSTRES LUMINARIAS E ABAJURES DISPENSADA,2023-06-03 01:16:22
191,4671100,COMERCIO ATACADISTA DE MADEIRA E PRODUTOS DERIVADOS,2023-06-03 01:16:22
192,4661300,COMERCIO ATACADISTA DE MAQUINAS APARELHOS E EQUIPAMENTOS PARA USO AGROPECUARIO PARTES E PECAS,2023-06-03 01:16:22
193,4664800,COMERCIO ATACADISTA DE MAQUINAS APARELHOS E EQUIPAMENTOS PARA USO ODONTO MEDICO HOSPITALAR PARTES E PECAS,2023-06-03 01:16:22
194,4665600,COMERCIO ATACADISTA DE MAQUINAS E EQUIPAMENTOS PARA USO COMERCIAL PARTES E PECAS,2023-06-03 01:16:22
195,4663000,COMERCIO ATACADISTA DE MAQUINAS E EQUIPAMENTOS PARA USO INDUSTRIAL PARTES E PECAS,2023-06-03 01:16:22
196,4662100,COMERCIO ATACADISTA DE MAQUINAS EQUIPAMENTOS PARA TERRAPLENAGEM MINERACAO E CONSTRUCAO PARTES E PECAS,2023-06-03 01:16:22
197,4679602,COMERCIO ATACADISTA DE MARMORES E GRANITOS,2023-06-03 01:16:22
198,4637105,COMERCIO ATACADISTA DE MASSAS ALIMENTICIAS,2023-06-03 01:16:22
199,4679699,COMERCIO ATACADISTA DE MATERIAIS DE CONSTRUCAO EM GERAL,2023-06-03 01:16:22
200,4673700,COMERCIO ATACADISTA DE MATERIAL ELETRICO,2023-06-03 01:16:22
201,4623199,COMERCIO ATACADISTA DE MATERIAS PRIMAS AGRICOLAS NAO ESPECIFICADAS ANTERIORMENTE,2023-06-03 01:16:22
202,4644301,COMERCIO ATACADISTA DE MEDICAMENTOS E DROGAS DE USO HUMANO,2023-06-03 01:16:22
203,4692300,COMERCIO ATACADISTA DE MERCADORIAS EM GERAL COM PREDOMINANCIA DE INSUMOS AGROPECUARIOS,2023-06-03 01:16:22
204,4691500,COMERCIO ATACADISTA DE MERCADORIAS EM GERAL COM PREDOMINANCIA DE PRODUTOS ALIMENTICIOS,2023-06-03 01:16:22
205,4693100,COMERCIO ATACADISTA DE MERCADORIAS EM GERAL SEM PREDOMINANCIA DE ALIMENTOS OU DE INSUMOS AGROPECUARIOS,2023-06-03 01:16:22
206,4669999,COMERCIO ATACADISTA DE OUTRAS MAQUINAS E EQUIPAMENTOS NAO ESPECIFICADOS ANTERIORMENTE PARTES E PECAS,2023-06-03 01:16:22
207,4649499,COMERCIO ATACADISTA DE OUTROS EQUIPAMENTOS E ARTIGOS DE USO PESSOAL E DOMESTICO NAO ESPECIFICADOS ANTERIORMENTE,2023-06-03 01:16:22
208,4684299,COMERCIO ATACADISTA DE OUTROS PRODUTOS QUIMICOS E PETROQUIMICOS NAO ESPECIFICADOS ANTERIORMENTE,2023-06-03 01:16:22
209,4686901,COMERCIO ATACADISTA DE PAPEL E PAPELAO EM BRUTO,2023-06-03 01:16:22
210,4634603,COMERCIO ATACADISTA DE PESCADOS E FRUTOS DO MAR,2023-06-03 01:16:22
211,4639701,COMERCIO ATACADISTA DE PRODUTOS ALIMENTICIOS EM GERAL,2023-06-03 01:16:22
212,4639701,COMERCIO ATACADISTA DE PRODUTOS ALIMENTICIOS EM GERAL DISPENSADA,2023-06-03 01:16:22
213,4689301,COMERCIO ATACADISTA DE PRODUTOS DA EXTRACAO MINERAL EXCETO COMBUSTIVEIS,2023-06-03 01:16:22
214,4649408,COMERCIO ATACADISTA DE PRODUTOS DE HIGIENE LIMPEZA E CONSERVACAO DOMICILIAR,2023-06-03 01:16:22
215,4646002,COMERCIO ATACADISTA DE PRODUTOS DE HIGIENE PESSOAL,2023-06-03 01:16:22
216,4645103,COMERCIO ATACADISTA DE PRODUTOS ODONTOLOGICOS,2023-06-03 01:16:22
217,4685100,COMERCIO ATACADISTA DE PRODUTOS SIDERURGICOS E METALURGICOS EXCETO PARA CONSTRUCAO,2023-06-03 01:16:22
218,4687701,COMERCIO ATACADISTA DE RESIDUOS DE PAPEL E PAPELAO,2023-06-03 01:16:22
219,4687703,COMERCIO ATACADISTA DE RESIDUOS E SUCATAS METALICOS,2023-06-03 01:16:22
220,4687702,COMERCIO ATACADISTA DE RESIDUOS E SUCATAS NAO METALICOS EXCETO DE PAPEL E PAPELAO,2023-06-03 01:16:22
221,4684201,COMERCIO ATACADISTA DE RESINAS E ELASTOMEROS,2023-06-03 01:16:22
222,4623106,COMERCIO ATACADISTA DE SEMENTES FLORES PLANTAS E GRAMAS,2023-06-03 01:16:22
223,4622200,COMERCIO ATACADISTA DE SOJA,2023-06-03 01:16:22
224,4637106,COMERCIO ATACADISTA DE SORVETES,2023-06-03 01:16:22
225,4651602,COMERCIO ATACADISTA DE SUPRIMENTOS PARA INFORMATICA,2023-06-03 01:16:22
226,4641901,COMERCIO ATACADISTA DE TECIDOS,2023-06-03 01:16:22
227,4641901,COMERCIO ATACADISTA DE TECIDOS DISPENSADA,2023-06-03 01:16:22
228,4679601,COMERCIO ATACADISTA DE TINTAS VERNIZES E SIMILARES,2023-06-03 01:16:22
229,4679604,COMERCIO ATACADISTA ESPECIALIZADO DE MATERIAIS DE CONSTRUCAO NAO ESPECIFICADOS ANTERIORMENTE,2023-06-03 01:16:22
230,4637199,COMERCIO ATACADISTA ESPECIALIZADO EM OUTROS PRODUTOS ALIMENTICIOS NAO ESPECIFICADOS ANTERIORMENTE,2023-06-03 01:16:22
231,4689399,COMERCIO ATACADISTA ESPECIALIZADO EM OUTROS PRODUTOS INTERMEDIARIOS NAO ESPECIFICADOS ANTERIORMENTE,2023-06-03 01:16:22
232,4511103,COMERCIO POR ATACADO DE AUTOMOVEIS CAMIONETAS E UTILITARIOS NOVOS E USADOS,2023-06-03 01:16:22
233,4511104,COMERCIO POR ATACADO DE CAMINHOES NOVOS E USADOS,2023-06-03 01:16:22
234,4541201,COMERCIO POR ATACADO DE MOTOCICLETAS E MOTONETAS,2023-06-03 01:16:22
235,4530701,COMERCIO POR ATACADO DE PECAS E ACESSORIOS NOVOS PARA VEICULOS AUTOMOTORES,2023-06-03 01:16:22
236,4530702,COMERCIO POR ATACADO DE PNEUMATICOS E CAMARAS DE AR,2023-06-03 01:16:22
237,4512902,COMERCIO SOB CONSIGNACAO DE VEICULOS AUTOMOTORES,2023-06-03 01:16:22
238,4789004,COMERCIO VAREJISTA DE ANIMAIS VIVOS E DE ARTIGOS E ALIMENTOS PARA ANIMAIS DE ESTIMACAO,2023-06-03 01:16:22
239,4789004,COMERCIO VAREJISTA DE ANIMAIS VIVOS E DE ARTIGOS E ALIMENTOS PARA ANIMAIS DE ESTIMACAO DISPENSADA,2023-06-03 01:16:22
240,4785701,COMERCIO VAREJISTA DE ANTIGUIDADES,2023-06-03 01:16:22
241,4755502,COMERCIO VAREJISTA DE ARTIGOS DE ARMARINHO,2023-06-03 01:16:22
242,4755502,COMERCIO VAREJISTA DE ARTIGOS DE ARMARINHO DISPENSADA,2023-06-03 01:16:22
243,4763604,COMERCIO VAREJISTA DE ARTIGOS DE CACA PESCA E CAMPING,2023-06-03 01:16:22
244,4755503,COMERCIO VAREJISTA DE ARTIGOS DE CAMA MESA E BANHO,2023-06-03 01:16:22
245,4755503,COMERCIO VAREJISTA DE ARTIGOS DE CAMA MESA E BANHO DISPENSADA,2023-06-03 01:16:22
246,4754702,COMERCIO VAREJISTA DE ARTIGOS DE COLCHOARIA,2023-06-03 01:16:22
247,4754702,COMERCIO VAREJISTA DE ARTIGOS DE COLCHOARIA DISPENSADA,2023-06-03 01:16:22
248,4754703,COMERCIO VAREJISTA DE ARTIGOS DE ILUMINACAO,2023-06-03 01:16:22
249,4783101,COMERCIO VAREJISTA DE ARTIGOS DE JOALHERIA,2023-06-03 01:16:22
250,4774100,COMERCIO VAREJISTA DE ARTIGOS DE OPTICA,2023-06-03 01:16:22
251,4761003,COMERCIO VAREJISTA DE ARTIGOS DE PAPELARIA,2023-06-03 01:16:22
252,4783102,COMERCIO VAREJISTA DE ARTIGOS DE RELOJOARIA,2023-06-03 01:16:22
253,4759801,COMERCIO VAREJISTA DE ARTIGOS DE TAPECARIA CORTINAS E PERSIANAS,2023-06-03 01:16:22
254,4782202,COMERCIO VAREJISTA DE ARTIGOS DE VIAGEM,2023-06-03 01:16:22
255,4781400,COMERCIO VAREJISTA DE ARTIGOS DO VESTUARIO E ACESSORIOS,2023-06-03 01:16:22
256,4781400,COMERCIO VAREJISTA DE ARTIGOS DO VESTUARIO E ACESSORIOS DISPENSADA,2023-06-03 01:16:22
257,4763602,COMERCIO VAREJISTA DE ARTIGOS ESPORTIVOS,2023-06-03 01:16:22
258,4763602,COMERCIO VAREJISTA DE ARTIGOS ESPORTIVOS DISPENSADA,2023-06-03 01:16:22
259,4789008,COMERCIO VAREJISTA DE ARTIGOS FOTOGRAFICOS E PARA FILMAGEM,2023-06-03 01:16:22
260,4773300,COMERCIO VAREJISTA DE ARTIGOS MEDICOS E ORTOPEDICOS,2023-06-03 01:16:22
261,4723700,COMERCIO VAREJISTA DE BEBIDAS,2023-06-03 01:16:22
262,4723700,COMERCIO VAREJISTA DE BEBIDAS DISPENSADA,2023-06-03 01:16:22
263,4763603,COMERCIO VAREJISTA DE BICICLETAS E TRICICLOS PECAS E ACESSORIOS,2023-06-03 01:16:22
264,4763603,COMERCIO VAREJISTA DE BICICLETAS E TRICICLOS PECAS E ACESSORIOS DISPENSADA,2023-06-03 01:16:22
265,4763601,COMERCIO VAREJISTA DE BRINQUEDOS E ARTIGOS RECREATIVOS,2023-06-03 01:16:22
266,4744004,COMERCIO VAREJISTA DE CAL AREIA PEDRA BRITADA TIJOLOS E TELHAS,2023-06-03 01:16:22
267,4782201,COMERCIO VAREJISTA DE CALCADOS,2023-06-03 01:16:22
268,4782201,COMERCIO VAREJISTA DE CALCADOS DISPENSADA,2023-06-03 01:16:22
269,4722901,COMERCIO VAREJISTA DE CARNES ACOUGUES,2023-06-03 01:16:22
270,4722901,COMERCIO VAREJISTA DE CARNES ACOUGUES DISPENSADA,2023-06-03 01:16:22
271,4731800,COMERCIO VAREJISTA DE COMBUSTIVEIS PARA VEICULOS AUTOMOTORES,2023-06-03 01:16:22
272,4772500,COMERCIO VAREJISTA DE COSMETICOS PRODUTOS DE PERFUMARIA E DE HIGIENE PESSOAL,2023-06-03 01:16:22
273,4772500,COMERCIO VAREJISTA DE COSMETICOS PRODUTOS DE PERFUMARIA E DE HIGIENE PESSOAL DISPENSADA,2023-06-03 01:16:22
274,4762800,COMERCIO VAREJISTA DE DISCOS CDS DVDS E FITAS,2023-06-03 01:16:22
275,4721104,COMERCIO VAREJISTA DE DOCES BALAS BOMBONS E SEMELHANTES,2023-06-03 01:16:22
276,4763605,COMERCIO VAREJISTA DE EMBARCACOES E OUTROS VEICULOS RECREATIVOS PECAS E ACESSORIOS,2023-06-03 01:16:22
277,4789007,COMERCIO VAREJISTA DE EQUIPAMENTOS PARA ESCRITORIO,2023-06-03 01:16:22
278,4744001,COMERCIO VAREJISTA DE FERRAGENS E FERRAMENTAS,2023-06-03 01:16:22
279,4744001,COMERCIO VAREJISTA DE FERRAGENS E FERRAMENTAS DISPENSADA,2023-06-03 01:16:22
280,4784900,COMERCIO VAREJISTA DE GAS LIQUEFEITO DE PETROLEO GLP,2023-06-03 01:16:22
281,4724500,COMERCIO VAREJISTA DE HORTIFRUTIGRANJEIROS,2023-06-03 01:16:22
282,4761002,COMERCIO VAREJISTA DE JORNAIS E REVISTAS,2023-06-03 01:16:22
283,4761002,COMERCIO VAREJISTA DE JORNAIS E REVISTAS DISPENSADA,2023-06-03 01:16:22
284,4721103,COMERCIO VAREJISTA DE LATICINIOS E FRIOS,2023-06-03 01:16:22
285,4761001,COMERCIO VAREJISTA DE LIVROS,2023-06-03 01:16:22
286,4732600,COMERCIO VAREJISTA DE LUBRIFICANTES,2023-06-03 01:16:22
287,4744002,COMERCIO VAREJISTA DE MADEIRA E ARTEFATOS,2023-06-03 01:16:22
288,4744099,COMERCIO VAREJISTA DE MATERIAIS DE CONSTRUCAO EM GERAL,2023-06-03 01:16:22
289,4744099,COMERCIO VAREJISTA DE MATERIAIS DE CONSTRUCAO EM GERAL DISPENSADA,2023-06-03 01:16:22
290,4744005,COMERCIO VAREJISTA DE MATERIAIS DE CONSTRUCAO NAO ESPECIFICADOS ANTERIORMENTE,2023-06-03 01:16:22
291,4744003,COMERCIO VAREJISTA DE MATERIAIS HIDRAULICOS,2023-06-03 01:16:22
292,4742300,COMERCIO VAREJISTA DE MATERIAL ELETRICO,2023-06-03 01:16:22
293,4742300,COMERCIO VAREJISTA DE MATERIAL ELETRICO DISPENSADA,2023-06-03 01:16:22
294,4771704,COMERCIO VAREJISTA DE MEDICAMENTOS VETERINARIOS,2023-06-03 01:16:22
295,4771704,COMERCIO VAREJISTA DE MEDICAMENTOS VETERINARIOS DISPENSADA,2023-06-03 01:16:22
296,4711301,COMERCIO VAREJISTA DE MERCADORIAS EM GERAL COM PREDOMINANCIA DE PRODUTOS ALIMENTICIOS HIPERMERCADOS,2023-06-03 01:16:22
297,4712100,COMERCIO VAREJISTA DE MERCADORIAS EM GERAL COM PREDOMINANCIA DE PRODUTOS ALIMENTICIOS MINIMERCADOS MERCEARIAS E ARMAZENS,2023-06-03 01:16:22
298,4712100,COMERCIO VAREJISTA DE MERCADORIAS EM GERAL COM PREDOMINANCIA DE PRODUTOS ALIMENTICIOS MINIMERCADOS MERCEARIAS E ARMAZENS DISPENSADA,2023-06-03 01:16:22
299,4711302,COMERCIO VAREJISTA DE MERCADORIAS EM GERAL COM PREDOMINANCIA DE PRODUTOS ALIMENTICIOS SUPERMERCADOS,2023-06-03 01:16:22
300,4729602,COMERCIO VAREJISTA DE MERCADORIAS EM LOJAS DE CONVENIENCIA,2023-06-03 01:16:22
301,4754701,COMERCIO VAREJISTA DE MOVEIS,2023-06-03 01:16:22
302,4754701,COMERCIO VAREJISTA DE MOVEIS DISPENSADA,2023-06-03 01:16:22
303,4789003,COMERCIO VAREJISTA DE OBJETOS DE ARTE,2023-06-03 01:16:22
304,4789003,COMERCIO VAREJISTA DE OBJETOS DE ARTE DISPENSADA,2023-06-03 01:16:22
305,4759899,COMERCIO VAREJISTA DE OUTROS ARTIGOS DE USO PESSOAL E DOMESTICO NAO ESPECIFICADOS ANTERIORMENTE,2023-06-03 01:16:22
306,4759899,COMERCIO VAREJISTA DE OUTROS ARTIGOS DE USO PESSOAL E DOMESTICO NAO ESPECIFICADOS ANTERIORMENTE DISPENSADA,2023-06-03 01:16:22
307,4785799,COMERCIO VAREJISTA DE OUTROS ARTIGOS USADOS,2023-06-03 01:16:22
308,4789099,COMERCIO VAREJISTA DE OUTROS PRODUTOS NAO ESPECIFICADOS ANTERIORMENTE,2023-06-03 01:16:22
309,4744006,COMERCIO VAREJISTA DE PEDRAS PARA REVESTIMENTO DISPENSADA,2023-06-03 01:16:22
310,4789002,COMERCIO VAREJISTA DE PLANTAS E FLORES NATURAIS,2023-06-03 01:16:22
311,4729699,COMERCIO VAREJISTA DE PRODUTOS ALIMENTICIOS EM GERAL OU ESPECIALIZADO EM PRODUTOS ALIMENTICIOS NAO ESPECIFICADOS ANTERIORMENTE,2023-06-03 01:16:22
312,4729699,COMERCIO VAREJISTA DE PRODUTOS ALIMENTICIOS EM GERAL OU ESPECIALIZADO EM PRODUTOS ALIMENTICIOS NAO ESPECIFICADOS ANTERIORMENTE DISPENSADA,2023-06-03 01:16:22
313,4771702,COMERCIO VAREJISTA DE PRODUTOS FARMACEUTICOS COM MANIPULACAO DE FORMULAS,2023-06-03 01:16:22
314,4771701,COMERCIO VAREJISTA DE PRODUTOS FARMACEUTICOS SEM MANIPULACAO DE FORMULAS,2023-06-03 01:16:22
315,4789005,COMERCIO VAREJISTA DE PRODUTOS SANEANTES DOMISSANITARIOS,2023-06-03 01:16:22
316,4789001,COMERCIO VAREJISTA DE SUVENIRES BIJUTERIAS E ARTESANATOS,2023-06-03 01:16:22
317,4789001,COMERCIO VAREJISTA DE SUVENIRES BIJUTERIAS E ARTESANATOS DISPENSADA,2023-06-03 01:16:22
318,4755501,COMERCIO VAREJISTA DE TECIDOS,2023-06-03 01:16:22
319,4741500,COMERCIO VAREJISTA DE TINTAS E MATERIAIS PARA PINTURA,2023-06-03 01:16:22
320,4743100,COMERCIO VAREJISTA DE VIDROS,2023-06-03 01:16:22
321,4753900,COMERCIO VAREJISTA ESPECIALIZADO DE ELETRODOMESTICOS E EQUIPAMENTOS DE AUDIO E VIDEO,2023-06-03 01:16:22
322,4753900,COMERCIO VAREJISTA ESPECIALIZADO DE ELETRODOMESTICOS E EQUIPAMENTOS DE AUDIO E VIDEO DISPENSADA,2023-06-03 01:16:22
323,4752100,COMERCIO VAREJISTA ESPECIALIZADO DE EQUIPAMENTOS DE TELEFONIA E COMUNICACAO,2023-06-03 01:16:22
324,4752100,COMERCIO VAREJISTA ESPECIALIZADO DE EQUIPAMENTOS DE TELEFONIA E COMUNICACAO DISPENSADA,2023-06-03 01:16:22
325,4751201,COMERCIO VAREJISTA ESPECIALIZADO DE EQUIPAMENTOS E SUPRIMENTOS DE INFORMATICA,2023-06-03 01:16:22
326,4757100,COMERCIO VAREJISTA ESPECIALIZADO DE PECAS E ACESSORIOS PARA APARELHOS ELETROELETRONICOS PARA USO DOMESTICO EXCETO INFORMATICA E COMUNICACAO,2023-06-03 01:16:22
327,4757100,COMERCIO VAREJISTA ESPECIALIZADO DE PECAS E ACESSORIOS PARA APARELHOS ELETROELETRONICOS PARA USO DOMESTICO EXCETO INFORMATICA E COMUNICACAO DISPENSADA,2023-06-03 01:16:22
328,6810201,COMPRA E VENDA DE IMOVEIS PROPRIOS,2023-06-03 01:16:22
329,6810201,COMPRA E VENDA DE IMOVEIS PROPRIOS DISPENSADA,2023-06-03 01:16:22
330,5221400,CONCESSIONARIAS DE RODOVIAS PONTES TUNEIS E SERVICOS RELACIONADOS,2023-06-03 01:16:22
331,8112500,CONDOMINIOS PREDIAIS,2023-06-03 01:16:22
332,1412601,CONFECCAO DE PECAS DE VESTUARIO EXCETO ROUPAS INTIMAS E AS CONFECCIONADAS SOB MEDIDA,2023-06-03 01:16:22
333,1412601,CONFECCAO DE PECAS DE VESTUARIO EXCETO ROUPAS INTIMAS E AS CONFECCIONADAS SOB MEDIDA DISPENSADA,2023-06-03 01:16:22
334,1411801,CONFECCAO DE ROUPAS INTIMAS,2023-06-03 01:16:22
335,1413401,CONFECCAO DE ROUPAS PROFISSIONAIS EXCETO SOB MEDIDA,2023-06-03 01:16:22
336,1413401,CONFECCAO DE ROUPAS PROFISSIONAIS EXCETO SOB MEDIDA DISPENSADA,2023-06-03 01:16:22
337,1412602,CONFECCAO SOB MEDIDA DE PECAS DO VESTUARIO EXCETO ROUPAS INTIMAS,2023-06-03 01:16:22
338,1413402,CONFECCAO SOB MEDIDA DE ROUPAS PROFISSIONAIS,2023-06-03 01:16:22
339,4221901,CONSTRUCAO DE BARRAGENS E REPRESAS PARA GERACAO DE ENERGIA ELETRICA,2023-06-03 01:16:22
340,4120400,CONSTRUCAO DE EDIFICIOS,2023-06-03 01:16:22
341,3012100,CONSTRUCAO DE EMBARCACOES PARA ESPORTE E LAZER,2023-06-03 01:16:22
342,4221902,CONSTRUCAO DE ESTACOES E REDES DE DISTRIBUICAO DE ENERGIA ELETRICA,2023-06-03 01:16:22
343,4212000,CONSTRUCAO DE OBRAS DE ARTE ESPECIAIS,2023-06-03 01:16:22
344,4211101,CONSTRUCAO DE RODOVIAS E FERROVIAS,2023-06-03 01:16:22
345,7319004,CONSULTORIA EM PUBLICIDADE,2023-06-03 01:16:22
346,6204000,CONSULTORIA EM TECNOLOGIA DA INFORMACAO,2023-06-03 01:16:22
347,6204000,CONSULTORIA EM TECNOLOGIA DA INFORMACAO DISPENSADA,2023-06-03 01:16:22
348,6424703,COOPERATIVAS DE CREDITO MUTUO,2023-06-03 01:16:22
349,6619302,CORRESPONDENTES DE INSTITUICOES FINANCEIRAS,2023-06-03 01:16:22
350,6821801,CORRETAGEM NA COMPRA E VENDA E AVALIACAO DE IMOVEIS,2023-06-03 01:16:22
351,6821801,CORRETAGEM NA COMPRA E VENDA E AVALIACAO DE IMOVEIS DISPENSADA,2023-06-03 01:16:22
352,6821802,CORRETAGEM NO ALUGUEL DE IMOVEIS,2023-06-03 01:16:22
353,6612601,CORRETORAS DE TITULOS E VALORES MOBILIARIOS,2023-06-03 01:16:22
354,6622300,CORRETORES E AGENTES DE SEGUROS DE PLANOS DE PREVIDENCIA COMPLEMENTAR E DE SAUDE,2023-06-03 01:16:22
355,6622300,CORRETORES E AGENTES DE SEGUROS DE PLANOS DE PREVIDENCIA COMPLEMENTAR E DE SAUDE DISPENSADA,2023-06-03 01:16:22
356,159802,CRIACAO DE ANIMAIS DE ESTIMACAO,2023-06-03 01:16:22
357,155504,CRIACAO DE AVES EXCETO GALINACEOS,2023-06-03 01:16:22
358,151203,CRIACAO DE BOVINOS EXCETO PARA CORTE E LEITE,2023-06-03 01:16:22
359,151201,CRIACAO DE BOVINOS PARA CORTE,2023-06-03 01:16:22
360,151202,CRIACAO DE BOVINOS PARA LEITE,2023-06-03 01:16:22
361,153902,CRIACAO DE OVINOS INCLUSIVE PARA PRODUCAO DE LA,2023-06-03 01:16:22
362,154700,CRIACAO DE SUINOS,2023-06-03 01:16:22
363,133401,CULTIVO DE ACAI,2023-06-03 01:16:22
364,112101,CULTIVO DE ALGODAO HERBACEO,2023-06-03 01:16:22
365,116401,CULTIVO DE AMENDOIM,2023-06-03 01:16:22
366,111301,CULTIVO DE ARROZ,2023-06-03 01:16:22
367,133402,CULTIVO DE BANANA,2023-06-03 01:16:22
368,119903,CULTIVO DE BATATA INGLESA,2023-06-03 01:16:22
369,134200,CULTIVO DE CAFE,2023-06-03 01:16:22
370,113000,CULTIVO DE CANA DE ACUCAR,2023-06-03 01:16:22
371,133404,CULTIVO DE CITRICOS EXCETO LARANJA,2023-06-03 01:16:22
372,210101,CULTIVO DE EUCALIPTO,2023-06-03 01:16:22
373,122900,CULTIVO DE FLORES E PLANTAS ORNAMENTAIS,2023-06-03 01:16:22
374,133499,CULTIVO DE FRUTAS DE LAVOURA PERMANENTE NAO ESPECIFICADAS ANTERIORMENTE,2023-06-03 01:16:22
375,131800,CULTIVO DE LARANJA,2023-06-03 01:16:22
376,133407,CULTIVO DE MACA,2023-06-03 01:16:22
377,133410,CULTIVO DE MANGA,2023-06-03 01:16:22
378,111302,CULTIVO DE MILHO,2023-06-03 01:16:22
379,210106,CULTIVO DE MUDAS EM VIVEIROS FLORESTAIS,2023-06-03 01:16:22
380,116499,CULTIVO DE OUTRAS OLEAGINOSAS DE LAVOURA TEMPORARIA NAO ESPECIFICADAS ANTERIORMENTE,2023-06-03 01:16:22
381,139399,CULTIVO DE OUTRAS PLANTAS DE LAVOURA PERMANENTE NAO ESPECIFICADAS ANTERIORMENTE,2023-06-03 01:16:22
382,119999,CULTIVO DE OUTRAS PLANTAS DE LAVOURA TEMPORARIA NAO ESPECIFICADAS ANTERIORMENTE,2023-06-03 01:16:22
383,210103,CULTIVO DE PINUS,2023-06-03 01:16:22
384,139306,CULTIVO DE SERINGUEIRA,2023-06-03 01:16:22
385,115600,CULTIVO DE SOJA,2023-06-03 01:16:22
386,119909,CULTIVO DE TOMATE RASTEIRO,2023-06-03 01:16:22
387,132600,CULTIVO DE UVA,2023-06-03 01:16:22
388,8599605,CURSOS PREPARATORIOS PARA CONCURSOS,2023-06-03 01:16:22
389,2399101,DECORACAO LAPIDACAO GRAVACAO VITRIFICACAO E OUTROS TRABALHOS EM CERAMICA LOUCA VIDRO E CRISTAL,2023-06-03 01:16:22
390,8422100,DEFESA,2023-06-03 01:16:22
391,4311801,DEMOLICAO DE EDIFICIOS E OUTRAS ESTRUTURAS,2023-06-03 01:16:22
392,5211799,DEPOSITOS DE MERCADORIAS PARA TERCEIROS EXCETO ARMAZENS GERAIS E GUARDA MOVEIS,2023-06-03 01:16:22
393,3900500,DESCONTAMINACAO E OUTROS SERVICOS DE GESTAO DE RESIDUOS,2023-06-03 01:16:22
394,6201501,DESENVOLVIMENTO DE PROGRAMAS DE COMPUTADOR SOB ENCOMENDA,2023-06-03 01:16:22
395,6201501,DESENVOLVIMENTO DE PROGRAMAS DE COMPUTADOR SOB ENCOMENDA DISPENSADA,2023-06-03 01:16:22
396,6202300,DESENVOLVIMENTO E LICENCIAMENTO DE PROGRAMAS DE COMPUTADOR CUSTOMIZAVEIS,2023-06-03 01:16:22
397,6202300,DESENVOLVIMENTO E LICENCIAMENTO DE PROGRAMAS DE COMPUTADOR CUSTOMIZAVEIS DISPENSADA,2023-06-03 01:16:22
398,6203100,DESENVOLVIMENTO E LICENCIAMENTO DE PROGRAMAS DE COMPUTADOR NAO CUSTOMIZAVEIS,2023-06-03 01:16:22
399,7410202,DESIGN DE INTERIORES,2023-06-03 01:16:22
400,9329801,DISCOTECAS DANCETERIAS SALOES DE DANCA E SIMILARES,2023-06-03 01:16:22
401,3600602,DISTRIBUICAO DE AGUA POR CAMINHOES,2023-06-03 01:16:22
402,3520402,DISTRIBUICAO DE COMBUSTIVEIS GASOSOS POR REDES URBANAS,2023-06-03 01:16:22
403,3514000,DISTRIBUICAO DE ENERGIA ELETRICA,2023-06-03 01:16:22
404,5819100,EDICAO DE CADASTROS LISTAS E DE OUTROS PRODUTOS GRAFICOS,2023-06-03 01:16:22
405,5812301,EDICAO DE JORNAIS DIARIOS,2023-06-03 01:16:22
406,5812302,EDICAO DE JORNAIS NAO DIARIOS,2023-06-03 01:16:22
407,5811500,EDICAO DE LIVROS,2023-06-03 01:16:22
408,5811500,EDICAO DE LIVROS DISPENSADA,2023-06-03 01:16:22
409,5813100,EDICAO DE REVISTAS,2023-06-03 01:16:22
410,5829800,EDICAO INTEGRADA A IMPRESSAO DE CADASTROS LISTAS E DE OUTROS PRODUTOS GRAFICOS,2023-06-03 01:16:22
411,5822101,EDICAO INTEGRADA A IMPRESSAO DE JORNAIS DIARIOS,2023-06-03 01:16:22
412,5821200,EDICAO INTEGRADA A IMPRESSAO DE LIVROS,2023-06-03 01:16:22
413,8511200,EDUCACAO INFANTIL CRECHE,2023-06-03 01:16:22
414,8512100,EDUCACAO INFANTIL PRE ESCOLA,2023-06-03 01:16:22
415,8541400,EDUCACAO PROFISSIONAL DE NIVEL TECNICO,2023-06-03 01:16:22
416,8531700,EDUCACAO SUPERIOR GRADUACAO,2023-06-03 01:16:22
417,8532500,EDUCACAO SUPERIOR GRADUACAO E POS GRADUACAO,2023-06-03 01:16:22
418,8533300,EDUCACAO SUPERIOR POS GRADUACAO E EXTENSAO,2023-06-03 01:16:22
419,8592999,ENSINO DE ARTE E CULTURA NAO ESPECIFICADO ANTERIORMENTE,2023-06-03 01:16:22
420,8592902,ENSINO DE ARTES CENICAS EXCETO DANCA,2023-06-03 01:16:22
421,8591100,ENSINO DE ESPORTES,2023-06-03 01:16:22
422,8593700,ENSINO DE IDIOMAS,2023-06-03 01:16:22
423,8593700,ENSINO DE IDIOMAS DISPENSADA,2023-06-03 01:16:22
424,8592903,ENSINO DE MUSICA,2023-06-03 01:16:22
425,8513900,ENSINO FUNDAMENTAL,2023-06-03 01:16:22
426,8520100,ENSINO MEDIO,2023-06-03 01:16:22
427,8292000,ENVASAMENTO E EMPACOTAMENTO SOB CONTRATO,2023-06-03 01:16:22
428,5223100,ESTACIONAMENTO DE VEICULOS,2023-06-03 01:16:22
429,1340501,ESTAMPARIA E TEXTURIZACAO EM FIOS TECIDOS ARTEFATOS TEXTEIS E PECAS DO VESTUARIO,2023-06-03 01:16:22
430,5911101,ESTUDIOS CINEMATOGRAFICOS,2023-06-03 01:16:22
431,9200399,EXPLORACAO DE JOGOS DE AZAR E APOSTAS NAO ESPECIFICADOS ANTERIORMENTE,2023-06-03 01:16:22
432,9329804,EXPLORACAO DE JOGOS ELETRONICOS RECREATIVOS,2023-06-03 01:16:22
433,810006,EXTRACAO DE AREIA CASCALHO OU PEDREGULHO E BENEFICIAMENTO ASSOCIADO,2023-06-03 01:16:22
434,810004,EXTRACAO DE CALCARIO E DOLOMITA E BENEFICIAMENTO ASSOCIADO,2023-06-03 01:16:22
435,810002,EXTRACAO DE GRANITO E BENEFICIAMENTO ASSOCIADO,2023-06-03 01:16:22
436,220901,EXTRACAO DE MADEIRA EM FLORESTAS NATIVAS,2023-06-03 01:16:22
437,210107,EXTRACAO DE MADEIRA EM FLORESTAS PLANTADAS,2023-06-03 01:16:22
438,721901,EXTRACAO DE MINERIO DE ALUMINIO,2023-06-03 01:16:22
439,710301,EXTRACAO DE MINERIO DE FERRO,2023-06-03 01:16:22
440,724301,EXTRACAO DE MINERIO DE METAIS PRECIOSOS,2023-06-03 01:16:22
441,600001,EXTRACAO DE PETROLEO E GAS NATURAL,2023-06-03 01:16:22
442,810099,EXTRACAO E BRITAMENTO DE PEDRAS E OUTROS MATERIAIS PARA CONSTRUCAO E BENEFICIAMENTO ASSOCIADO,2023-06-03 01:16:22
443,1071600,FABRICACAO DE ACUCAR EM BRUTO,2023-06-03 01:16:22
444,2093200,FABRICACAO DE ADITIVOS DE USO INDUSTRIAL,2023-06-03 01:16:22
445,2013402,FABRICACAO DE ADUBOS E FERTILIZANTES EXCETO ORGANO MINERAIS,2023-06-03 01:16:22
446,3041500,FABRICACAO DE AERONAVES,2023-06-03 01:16:22
447,1099607,FABRICACAO DE ALIMENTOS DIETETICOS E COMPLEMENTOS ALIMENTARES,2023-06-03 01:16:22
448,1096100,FABRICACAO DE ALIMENTOS E PRATOS PRONTOS,2023-06-03 01:16:22
449,1066000,FABRICACAO DE ALIMENTOS PARA ANIMAIS,2023-06-03 01:16:22
450,1065101,FABRICACAO DE AMIDOS E FECULAS DE VEGETAIS,2023-06-03 01:16:22
451,2640000,FABRICACAO DE APARELHOS DE RECEPCAO REPRODUCAO GRAVACAO E AMPLIFICACAO DE AUDIO E VIDEO,2023-06-03 01:16:22
452,2651500,FABRICACAO DE APARELHOS E EQUIPAMENTOS DE MEDIDA TESTE E CONTROLE,2023-06-03 01:16:22
453,2731700,FABRICACAO DE APARELHOS E EQUIPAMENTOS PARA DISTRIBUICAO E CONTROLE DE ENERGIA ELETRICA,2023-06-03 01:16:22
454,2632900,FABRICACAO DE APARELHOS TELEFONICOS E DE OUTROS EQUIPAMENTOS DE COMUNICACAO PECAS E ACESSORIOS,2023-06-03 01:16:22
455,2550102,FABRICACAO DE ARMAS DE FOGO OUTRAS ARMAS E MUNICOES,2023-06-03 01:16:22
456,2219600,FABRICACAO DE ARTEFATOS DE BORRACHA NAO ESPECIFICADOS ANTERIORMENTE,2023-06-03 01:16:22
457,2342702,FABRICACAO DE ARTEFATOS DE CERAMICA E BARRO COZIDO PARA USO NA CONSTRUCAO EXCETO AZULEJOS E PISOS,2023-06-03 01:16:22
458,2330302,FABRICACAO DE ARTEFATOS DE CIMENTO PARA USO NA CONSTRUCAO,2023-06-03 01:16:22
459,1529700,FABRICACAO DE ARTEFATOS DE COURO NAO ESPECIFICADOS ANTERIORMENTE,2023-06-03 01:16:22
460,2330303,FABRICACAO DE ARTEFATOS DE FIBROCIMENTO PARA USO NA CONSTRUCAO,2023-06-03 01:16:22
461,3211602,FABRICACAO DE ARTEFATOS DE JOALHERIA E OURIVESARIA,2023-06-03 01:16:22
462,2229399,FABRICACAO DE ARTEFATOS DE MATERIAL PLASTICO PARA OUTROS USOS NAO ESPECIFICADOS ANTERIORMENTE,2023-06-03 01:16:22
463,2229301,FABRICACAO DE ARTEFATOS DE MATERIAL PLASTICO PARA USO PESSOAL E DOMESTICO,2023-06-03 01:16:22
464,1623400,FABRICACAO DE ARTEFATOS DE TANOARIA E DE EMBALAGENS DE MADEIRA,2023-06-03 01:16:22
465,1352900,FABRICACAO DE ARTEFATOS DE TAPECARIA,2023-06-03 01:16:22
466,1629302,FABRICACAO DE ARTEFATOS DIVERSOS DE CORTICA BAMBU PALHA VIME E OUTROS MATERIAIS TRANCADOS EXCETO MOVEIS,2023-06-03 01:16:22
467,1629301,FABRICACAO DE ARTEFATOS DIVERSOS DE MADEIRA EXCETO MOVEIS,2023-06-03 01:16:22
468,1351100,FABRICACAO DE ARTEFATOS TEXTEIS PARA USO DOMESTICO,2023-06-03 01:16:22
469,2541100,FABRICACAO DE ARTIGOS DE CUTELARIA,2023-06-03 01:16:22
470,2542000,FABRICACAO DE ARTIGOS DE SERRALHERIA EXCETO ESQUADRIAS,2023-06-03 01:16:22
471,2319200,FABRICACAO DE ARTIGOS DE VIDRO,2023-06-03 01:16:22
472,1422300,FABRICACAO DE ARTIGOS DO VESTUARIO PRODUZIDOS EM MALHARIAS E TRICOTAGENS EXCETO MEIAS,2023-06-03 01:16:22
473,1521100,FABRICACAO DE ARTIGOS PARA VIAGEM BOLSAS E SEMELHANTES DE QUALQUER MATERIAL,2023-06-03 01:16:22
474,3299005,FABRICACAO DE AVIAMENTOS PARA COSTURA,2023-06-03 01:16:22
475,2342701,FABRICACAO DE AZULEJOS E PISOS,2023-06-03 01:16:22
476,3092000,FABRICACAO DE BICICLETAS E TRICICLOS NAO MOTORIZADOS PECAS E ACESSORIOS,2023-06-03 01:16:22
477,3212400,FABRICACAO DE BIJUTERIAS E ARTEFATOS SEMELHANTES,2023-06-03 01:16:22
478,1092900,FABRICACAO DE BISCOITOS E BOLACHAS,2023-06-03 01:16:22
479,2930101,FABRICACAO DE CABINES CARROCERIAS E REBOQUES PARA CAMINHOES,2023-06-03 01:16:22
480,2930103,FABRICACAO DE CABINES CARROCERIAS E REBOQUES PARA OUTROS VEICULOS AUTOMOTORES EXCETO CAMINHOES E ONIBUS,2023-06-03 01:16:22
481,1531901,FABRICACAO DE CALCADOS DE COURO,2023-06-03 01:16:22
482,1539400,FABRICACAO DE CALCADOS DE MATERIAIS NAO ESPECIFICADOS ANTERIORMENTE,2023-06-03 01:16:22
483,1533500,FABRICACAO DE CALCADOS DE MATERIAL SINTETICO,2023-06-03 01:16:22
484,2920401,FABRICACAO DE CAMINHOES E ONIBUS,2023-06-03 01:16:22
485,1710900,FABRICACAO DE CELULOSE E OUTRAS PASTAS PARA A FABRICACAO DE PAPEL,2023-06-03 01:16:22
486,1113502,FABRICACAO DE CERVEJAS E CHOPES,2023-06-03 01:16:22
487,1733800,FABRICACAO DE CHAPAS E DE EMBALAGENS DE PAPELAO ONDULADO,2023-06-03 01:16:22
488,2320600,FABRICACAO DE CIMENTO,2023-06-03 01:16:22
489,2011800,FABRICACAO DE CLORO E ALCALIS,2023-06-03 01:16:22
490,2814301,FABRICACAO DE COMPRESSORES PARA USO INDUSTRIAL PECAS E ACESSORIOS,2023-06-03 01:16:22
491,1031700,FABRICACAO DE CONSERVAS DE FRUTAS,2023-06-03 01:16:22
492,1032599,FABRICACAO DE CONSERVAS DE LEGUMES E OUTROS VEGETAIS EXCETO PALMITO,2023-06-03 01:16:22
493,2063100,FABRICACAO DE COSMETICOS PRODUTOS DE PERFUMARIA E DE HIGIENE PESSOAL,2023-06-03 01:16:22
494,1732000,FABRICACAO DE EMBALAGENS DE CARTOLINA E PAPEL CARTAO,2023-06-03 01:16:22
495,2222600,FABRICACAO DE EMBALAGENS DE MATERIAL PLASTICO,2023-06-03 01:16:22
496,1731100,FABRICACAO DE EMBALAGENS DE PAPEL,2023-06-03 01:16:22
497,2591800,FABRICACAO DE EMBALAGENS METALICAS,2023-06-03 01:16:22
498,2621300,FABRICACAO DE EQUIPAMENTOS DE INFORMATICA,2023-06-03 01:16:22
499,2631100,FABRICACAO DE EQUIPAMENTOS TRANSMISSORES DE COMUNICACAO PECAS E ACESSORIOS,2023-06-03 01:16:22
500,3291400,FABRICACAO DE ESCOVAS PINCEIS E VASSOURAS,2023-06-03 01:16:22
501,1095300,FABRICACAO DE ESPECIARIAS MOLHOS TEMPEROS E CONDIMENTOS,2023-06-03 01:16:22
502,2512800,FABRICACAO DE ESQUADRIAS DE METAL,2023-06-03 01:16:22
503,2511000,FABRICACAO DE ESTRUTURAS METALICAS,2023-06-03 01:16:22
504,2330301,FABRICACAO DE ESTRUTURAS PRE MOLDADAS DE CONCRETO ARMADO EM SERIE E SOB ENCOMENDA,2023-06-03 01:16:22
505,1063500,FABRICACAO DE FARINHA DE MANDIOCA E DERIVADOS,2023-06-03 01:16:22
506,1064300,FABRICACAO DE FARINHA DE MILHO E DERIVADOS EXCETO OLEOS DE MILHO,2023-06-03 01:16:22
507,2543800,FABRICACAO DE FERRAMENTAS,2023-06-03 01:16:22
508,2751100,FABRICACAO DE FOGOES REFRIGERADORES E MAQUINAS DE LAVAR E SECAR PARA USO DOMESTICO PECAS E ACESSORIOS,2023-06-03 01:16:22
509,1741901,FABRICACAO DE FORMULARIOS CONTINUOS,2023-06-03 01:16:22
510,2821601,FABRICACAO DE FORNOS INDUSTRIAIS APARELHOS E EQUIPAMENTOS NAO ELETRICOS PARA INSTALACOES TERMICAS PECAS E ACESSORIOS,2023-06-03 01:16:22
511,1093702,FABRICACAO DE FRUTAS CRISTALIZADAS BALAS E SEMELHANTES,2023-06-03 01:16:22
512,1099604,FABRICACAO DE GELO COMUM,2023-06-03 01:16:22
513,2710401,FABRICACAO DE GERADORES DE CORRENTE CONTINUA E ALTERNADA PECAS E ACESSORIOS,2023-06-03 01:16:22
514,3220500,FABRICACAO DE INSTRUMENTOS MUSICAIS PECAS E ACESSORIOS,2023-06-03 01:16:22
515,3250701,FABRICACAO DE INSTRUMENTOS NAO ELETRONICOS E UTENSILIOS PARA USO MEDICO CIRURGICO ODONTOLOGICO E DE LABORATORIO,2023-06-03 01:16:22
516,2022300,FABRICACAO DE INTERMEDIARIOS PARA PLASTIFICANTES RESINAS E FIBRAS,2023-06-03 01:16:22
517,1052000,FABRICACAO DE LATICINIOS,2023-06-03 01:16:22
518,3299003,FABRICACAO DE LETRAS LETREIROS E PLACAS DE QUALQUER MATERIAL EXCETO LUMINOSOS,2023-06-03 01:16:22
519,2740602,FABRICACAO DE LUMINARIAS E OUTROS EQUIPAMENTOS DE ILUMINACAO,2023-06-03 01:16:22
520,1621800,FABRICACAO DE MADEIRA LAMINADA E DE CHAPAS DE MADEIRA COMPENSADA PRENSADA E AGLOMERADA,2023-06-03 01:16:22
521,2823200,FABRICACAO DE MAQUINAS E APARELHOS DE REFRIGERACAO E VENTILACAO PARA USO INDUSTRIAL E COMERCIAL PECAS E ACESSORIOS,2023-06-03 01:16:22
522,2833000,FABRICACAO DE MAQUINAS E EQUIPAMENTOS PARA A AGRICULTURA E PECUARIA PECAS E ACESSORIOS EXCETO PARA IRRIGACAO,2023-06-03 01:16:22
523,2862300,FABRICACAO DE MAQUINAS E EQUIPAMENTOS PARA AS INDUSTRIAS DE ALIMENTOS BEBIDAS E FUMO PECAS E ACESSORIOS,2023-06-03 01:16:22
524,2854200,FABRICACAO DE MAQUINAS E EQUIPAMENTOS PARA TERRAPLENAGEM PAVIMENTACAO E CONSTRUCAO PECAS E ACESSORIOS EXCETO TRATORES,2023-06-03 01:16:22
525,2869100,FABRICACAO DE MAQUINAS E EQUIPAMENTOS PARA USO INDUSTRIAL ESPECIFICO NAO ESPECIFICADOS ANTERIORMENTE PECAS E ACESSORIOS,2023-06-03 01:16:22
526,2822402,FABRICACAO DE MAQUINAS EQUIPAMENTOS E APARELHOS PARA TRANSPORTE E ELEVACAO DE CARGAS PECAS E ACESSORIOS,2023-06-03 01:16:22
527,2840200,FABRICACAO DE MAQUINAS FERRAMENTA PECAS E ACESSORIOS,2023-06-03 01:16:22
528,1094500,FABRICACAO DE MASSAS ALIMENTICIAS,2023-06-03 01:16:22
529,2945000,FABRICACAO DE MATERIAL ELETRICO E ELETRONICO PARA VEICULOS AUTOMOTORES EXCETO BATERIAS,2023-06-03 01:16:22
530,2732500,FABRICACAO DE MATERIAL ELETRICO PARA INSTALACOES EM CIRCUITO DE CONSUMO,2023-06-03 01:16:22
531,2121101,FABRICACAO DE MEDICAMENTOS ALOPATICOS PARA USO HUMANO,2023-06-03 01:16:22
532,1421500,FABRICACAO DE MEIAS,2023-06-03 01:16:22
533,2811900,FABRICACAO DE MOTORES E TURBINAS PECAS E ACESSORIOS EXCETO PARA AVIOES E VEICULOS RODOVIARIOS,2023-06-03 01:16:22
534,3101200,FABRICACAO DE MOVEIS COM PREDOMINANCIA DE MADEIRA,2023-06-03 01:16:22
535,3103900,FABRICACAO DE MOVEIS DE OUTROS MATERIAIS EXCETO MADEIRA E METAL,2023-06-03 01:16:22
536,2513600,FABRICACAO DE OBRAS DE CALDEIRARIA PESADA,2023-06-03 01:16:22
537,1041400,FABRICACAO DE OLEOS VEGETAIS EM BRUTO EXCETO OLEO DE MILHO,2023-06-03 01:16:22
538,1042200,FABRICACAO DE OLEOS VEGETAIS REFINADOS EXCETO OLEO DE MILHO,2023-06-03 01:16:22
539,1122499,FABRICACAO DE OUTRAS BEBIDAS NAO ALCOOLICAS NAO ESPECIFICADAS ANTERIORMENTE,2023-06-03 01:16:22
540,2829199,FABRICACAO DE OUTRAS MAQUINAS E EQUIPAMENTOS DE USO GERAL NAO ESPECIFICADOS ANTERIORMENTE PECAS E ACESSORIOS,2023-06-03 01:16:22
541,2949299,FABRICACAO DE OUTRAS PECAS E ACESSORIOS PARA VEICULOS AUTOMOTORES NAO ESPECIFICADAS ANTERIORMENTE,2023-06-03 01:16:22
542,2330399,FABRICACAO DE OUTROS ARTEFATOS E PRODUTOS DE CONCRETO CIMENTO FIBROCIMENTO GESSO E MATERIAIS SEMELHANTES,2023-06-03 01:16:22
543,1622699,FABRICACAO DE OUTROS ARTIGOS DE CARPINTARIA PARA CONSTRUCAO,2023-06-03 01:16:22
544,3240099,FABRICACAO DE OUTROS BRINQUEDOS E JOGOS RECREATIVOS NAO ESPECIFICADOS ANTERIORMENTE,2023-06-03 01:16:22
545,2790299,FABRICACAO DE OUTROS EQUIPAMENTOS E APARELHOS ELETRICOS NAO ESPECIFICADOS ANTERIORMENTE,2023-06-03 01:16:22
546,1099699,FABRICACAO DE OUTROS PRODUTOS ALIMENTICIOS NAO ESPECIFICADOS ANTERIORMENTE,2023-06-03 01:16:22
547,2599399,FABRICACAO DE OUTROS PRODUTOS DE METAL NAO ESPECIFICADOS ANTERIORMENTE,2023-06-03 01:16:22
548,2019399,FABRICACAO DE OUTROS PRODUTOS QUIMICOS INORGANICOS NAO ESPECIFICADOS ANTERIORMENTE,2023-06-03 01:16:22
549,2099199,FABRICACAO DE OUTROS PRODUTOS QUIMICOS NAO ESPECIFICADOS ANTERIORMENTE,2023-06-03 01:16:22
550,1359600,FABRICACAO DE OUTROS PRODUTOS TEXTEIS NAO ESPECIFICADOS ANTERIORMENTE,2023-06-03 01:16:22
551,3299004,FABRICACAO DE PAINEIS E LETREIROS LUMINOSOS,2023-06-03 01:16:22
552,1540800,FABRICACAO DE PARTES PARA CALCADOS DE QUALQUER MATERIAL,2023-06-03 01:16:22
553,2943300,FABRICACAO DE PECAS E ACESSORIOS PARA O SISTEMA DE FREIOS DE VEICULOS AUTOMOTORES,2023-06-03 01:16:22
554,2941700,FABRICACAO DE PECAS E ACESSORIOS PARA O SISTEMA MOTOR DE VEICULOS AUTOMOTORES,2023-06-03 01:16:22
555,2622100,FABRICACAO DE PERIFERICOS PARA EQUIPAMENTOS DE INFORMATICA,2023-06-03 01:16:22
556,2349499,FABRICACAO DE PRODUTOS CERAMICOS NAO REFRATARIOS NAO ESPECIFICADOS ANTERIORMENTE,2023-06-03 01:16:22
557,2341900,FABRICACAO DE PRODUTOS CERAMICOS REFRATARIOS,2023-06-03 01:16:22
558,1013901,FABRICACAO DE PRODUTOS DE CARNE,2023-06-03 01:16:22
559,2062200,FABRICACAO DE PRODUTOS DE LIMPEZA E POLIMENTO,2023-06-03 01:16:22
560,1091102,FABRICACAO DE PRODUTOS DE PADARIA E CONFEITARIA COM PREDOMINANCIA DE PRODUCAO PROPRIA,2023-06-03 01:16:22
561,1091102,FABRICACAO DE PRODUTOS DE PADARIA E CONFEITARIA COM PREDOMINANCIA DE PRODUCAO PROPRIA DISPENSADA,2023-06-03 01:16:22
562,1091101,FABRICACAO DE PRODUTOS DE PANIFICACAO INDUSTRIAL,2023-06-03 01:16:22
563,1749400,FABRICACAO DE PRODUTOS DE PASTAS CELULOSICAS PAPEL CARTOLINA PAPEL CARTAO E PAPELAO ONDULADO NAO ESPECIFICADOS ANTERIORMENTE,2023-06-03 01:16:22
564,2592601,FABRICACAO DE PRODUTOS DE TREFILADOS DE METAL PADRONIZADOS,2023-06-03 01:16:22
565,1093701,FABRICACAO DE PRODUTOS DERIVADOS DO CACAU E DE CHOCOLATES,2023-06-03 01:16:22
566,3299099,FABRICACAO DE PRODUTOS DIVERSOS NAO ESPECIFICADOS ANTERIORMENTE,2023-06-03 01:16:22
567,1921700,FABRICACAO DE PRODUTOS DO REFINO DE PETROLEO,2023-06-03 01:16:22
568,2110600,FABRICACAO DE PRODUTOS FARMOQUIMICOS,2023-06-03 01:16:22
569,2021500,FABRICACAO DE PRODUTOS PETROQUIMICOS BASICOS,2023-06-03 01:16:22
570,1053800,FABRICACAO DE SORVETES E OUTROS GELADOS COMESTIVEIS,2023-06-03 01:16:22
571,1033302,FABRICACAO DE SUCOS DE FRUTAS HORTALICAS E LEGUMES EXCETO CONCENTRADOS,2023-06-03 01:16:22
572,1354500,FABRICACAO DE TECIDOS ESPECIAIS INCLUSIVE ARTEFATOS,2023-06-03 01:16:22
573,2071100,FABRICACAO DE TINTAS VERNIZES ESMALTES E LACAS,2023-06-03 01:16:22
574,3042300,FABRICACAO DE TURBINAS MOTORES E OUTROS COMPONENTES E PECAS PARA AERONAVES,2023-06-03 01:16:22
575,2813500,FABRICACAO DE VALVULAS REGISTROS E DISPOSITIVOS SEMELHANTES PECAS E ACESSORIOS,2023-06-03 01:16:22
576,3299006,FABRICACAO DE VELAS INCLUSIVE DECORATIVAS,2023-06-03 01:16:22
577,1112700,FABRICACAO DE VINHO,2023-06-03 01:16:22
578,1412603,FACCAO DE PECAS DO VESTUARIO EXCETO ROUPAS INTIMAS,2023-06-03 01:16:22
579,1411802,FACCAO DE ROUPAS INTIMAS,2023-06-03 01:16:22
580,1413403,FACCAO DE ROUPAS PROFISSIONAIS,2023-06-03 01:16:22
581,1313800,FIACAO DE FIBRAS ARTIFICIAIS E SINTETICAS,2023-06-03 01:16:22
582,7420004,FILMAGEM DE FESTAS E EVENTOS,2023-06-03 01:16:22
583,8599601,FORMACAO DE CONDUTORES,2023-06-03 01:16:22
584,5620104,FORNECIMENTO DE ALIMENTOS PREPARADOS PREPONDERANTEMENTE PARA CONSUMO DOMICILIAR,2023-06-03 01:16:22
585,5620104,FORNECIMENTO DE ALIMENTOS PREPARADOS PREPONDERANTEMENTE PARA CONSUMO DOMICILIAR DISPENSADA,2023-06-03 01:16:22
586,5620101,FORNECIMENTO DE ALIMENTOS PREPARADOS PREPONDERANTEMENTE PARA EMPRESAS,2023-06-03 01:16:22
587,7830200,FORNECIMENTO E GESTAO DE RECURSOS HUMANOS PARA TERCEIROS,2023-06-03 01:16:22
588,8219901,FOTOCOPIAS,2023-06-03 01:16:22
589,1011201,FRIGORIFICO ABATE DE BOVINOS,2023-06-03 01:16:22
590,1012103,FRIGORIFICO ABATE DE SUINOS,2023-06-03 01:16:22
591,2451200,FUNDICAO DE FERRO E ACO,2023-06-03 01:16:22
592,6470101,FUNDOS DE INVESTIMENTO EXCETO PREVIDENCIARIOS E IMOBILIARIOS,2023-06-03 01:16:22
593,6470103,FUNDOS DE INVESTIMENTO IMOBILIARIOS,2023-06-03 01:16:22
594,6470102,FUNDOS DE INVESTIMENTO PREVIDENCIARIOS,2023-06-03 01:16:22
595,3511501,GERACAO DE ENERGIA ELETRICA,2023-06-03 01:16:22
596,7740300,GESTAO DE ATIVOS INTANGIVEIS NAO FINANCEIROS,2023-06-03 01:16:22
597,9311500,GESTAO DE INSTALACOES DE ESPORTES,2023-06-03 01:16:22
598,6822600,GESTAO E ADMINISTRACAO DA PROPRIEDADE IMOBILIARIA,2023-06-03 01:16:22
599,6822600,GESTAO E ADMINISTRACAO DA PROPRIEDADE IMOBILIARIA DISPENSADA,2023-06-03 01:16:22
600,9603301,GESTAO E MANUTENCAO DE CEMITERIOS,2023-06-03 01:16:22
601,5211702,GUARDA MOVEIS,2023-06-03 01:16:22
602,9609208,HIGIENE E EMBELEZAMENTO DE ANIMAIS DOMESTICOS,2023-06-03 01:16:22
603,6461100,HOLDINGS DE INSTITUICOES FINANCEIRAS,2023-06-03 01:16:22
604,6462000,HOLDINGS DE INSTITUICOES NAO FINANCEIRAS,2023-06-03 01:16:22
605,6462000,HOLDINGS DE INSTITUICOES NAO FINANCEIRAS DISPENSADA,2023-06-03 01:16:22
606,121101,HORTICULTURA EXCETO MORANGO,2023-06-03 01:16:22
607,5510801,HOTEIS,2023-06-03 01:16:22
608,1812100,IMPRESSAO DE MATERIAL DE SEGURANCA,2023-06-03 01:16:22
609,1813099,IMPRESSAO DE MATERIAL PARA OUTROS USOS,2023-06-03 01:16:22
610,1813001,IMPRESSAO DE MATERIAL PARA USO PUBLICITARIO,2023-06-03 01:16:22
611,8122200,IMUNIZACAO E CONTROLE DE PRAGAS URBANAS,2023-06-03 01:16:22
612,4110700,INCORPORACAO DE EMPREENDIMENTOS IMOBILIARIOS,2023-06-03 01:16:22
613,4110700,INCORPORACAO DE EMPREENDIMENTOS IMOBILIARIOS DISPENSADA,2023-06-03 01:16:22
614,3321000,INSTALACAO DE MAQUINAS E EQUIPAMENTOS INDUSTRIAIS,2023-06-03 01:16:22
615,3329599,INSTALACAO DE OUTROS EQUIPAMENTOS NAO ESPECIFICADOS ANTERIORMENTE,2023-06-03 01:16:22
616,4329101,INSTALACAO DE PAINEIS PUBLICITARIOS,2023-06-03 01:16:22
617,4330402,INSTALACAO DE PORTAS JANELAS TETOS DIVISORIAS E ARMARIOS EMBUTIDOS DE QUALQUER MATERIAL,2023-06-03 01:16:22
618,4322302,INSTALACAO E MANUTENCAO DE SISTEMAS CENTRAIS DE AR CONDICIONADO DE VENTILACAO E REFRIGERACAO,2023-06-03 01:16:22
619,4321500,INSTALACAO E MANUTENCAO ELETRICA,2023-06-03 01:16:22
620,4329103,INSTALACAO MANUTENCAO E REPARACAO DE ELEVADORES ESCADAS E ESTEIRAS ROLANTES,2023-06-03 01:16:22
621,4322303,INSTALACOES DE SISTEMA DE PREVENCAO CONTRA INCENDIO,2023-06-03 01:16:22
622,4322301,INSTALACOES HIDRAULICAS SANITARIAS E DE GAS,2023-06-03 01:16:22
623,4322301,INSTALACOES HIDRAULICAS SANITARIAS E DE GAS DISPENSADA,2023-06-03 01:16:22
624,8711502,INSTITUICOES DE LONGA PERMANENCIA PARA IDOSOS,2023-06-03 01:16:22
625,8423000,JUSTICA,2023-06-03 01:16:22
626,8640202,LABORATORIOS CLINICOS,2023-06-03 01:16:22
627,8640201,LABORATORIOS DE ANATOMIA PATOLOGICA E CITOLOGICA,2023-06-03 01:16:22
628,7420003,LABORATORIOS FOTOGRAFICOS,2023-06-03 01:16:22
629,5611203,LANCHONETES CASAS DE CHA DE SUCOS E SIMILARES,2023-06-03 01:16:22
630,5611203,LANCHONETES CASAS DE CHA DE SUCOS E SIMILARES DISPENSADA,2023-06-03 01:16:22
631,3211601,LAPIDACAO DE GEMAS,2023-06-03 01:16:22
632,9601701,LAVANDERIAS,2023-06-03 01:16:22
633,8121400,LIMPEZA EM PREDIOS E EM DOMICILIOS,2023-06-03 01:16:22
634,7711000,LOCACAO DE AUTOMOVEIS SEM CONDUTOR,2023-06-03 01:16:22
635,7820500,LOCACAO DE MAO DE OBRA TEMPORARIA,2023-06-03 01:16:22
636,7719599,LOCACAO DE OUTROS MEIOS DE TRANSPORTE NAO ESPECIFICADOS ANTERIORMENTE SEM CONDUTOR,2023-06-03 01:16:22
637,4713004,LOJAS DE DEPARTAMENTOS OU MAGAZINES EXCETO LOJAS FRANCAS DUTY FREE,2023-06-03 01:16:22
638,4713002,LOJAS DE VARIEDADES EXCETO LOJAS DE DEPARTAMENTOS OU MAGAZINES,2023-06-03 01:16:22
639,6810203,LOTEAMENTO DE IMOVEIS PROPRIOS,2023-06-03 01:16:22
640,6810203,LOTEAMENTO DE IMOVEIS PROPRIOS DISPENSADA,2023-06-03 01:16:22
641,4221903,MANUTENCAO DE REDES DE DISTRIBUICAO DE ENERGIA ELETRICA,2023-06-03 01:16:22
642,3312102,MANUTENCAO E REPARACAO DE APARELHOS E INSTRUMENTOS DE MEDIDA TESTE E CONTROLE,2023-06-03 01:16:22
643,3312103,MANUTENCAO E REPARACAO DE APARELHOS ELETROMEDICOS E ELETROTERAPEUTICOS E EQUIPAMENTOS DE IRRADIACAO,2023-06-03 01:16:22
644,3314705,MANUTENCAO E REPARACAO DE EQUIPAMENTOS DE TRANSMISSAO PARA FINS INDUSTRIAIS,2023-06-03 01:16:22
645,3319800,MANUTENCAO E REPARACAO DE EQUIPAMENTOS E PRODUTOS NAO ESPECIFICADOS ANTERIORMENTE,2023-06-03 01:16:22
646,3314702,MANUTENCAO E REPARACAO DE EQUIPAMENTOS HIDRAULICOS E PNEUMATICOS EXCETO VALVULAS,2023-06-03 01:16:22
647,3313901,MANUTENCAO E REPARACAO DE GERADORES TRANSFORMADORES E MOTORES ELETRICOS,2023-06-03 01:16:22
648,3314706,MANUTENCAO E REPARACAO DE MAQUINAS APARELHOS E EQUIPAMENTOS PARA INSTALACOES TERMICAS,2023-06-03 01:16:22
649,3313999,MANUTENCAO E REPARACAO DE MAQUINAS APARELHOS E MATERIAIS ELETRICOS NAO ESPECIFICADOS ANTERIORMENTE,2023-06-03 01:16:22
650,3314707,MANUTENCAO E REPARACAO DE MAQUINAS E APARELHOS DE REFRIGERACAO E VENTILACAO PARA USO INDUSTRIAL E COMERCIAL,2023-06-03 01:16:22
651,3314720,MANUTENCAO E REPARACAO DE MAQUINAS E EQUIPAMENTOS PARA A INDUSTRIA TEXTIL DO VESTUARIO DO COURO E CALCADOS,2023-06-03 01:16:22
652,3314711,MANUTENCAO E REPARACAO DE MAQUINAS E EQUIPAMENTOS PARA AGRICULTURA E PECUARIA,2023-06-03 01:16:22
653,3314719,MANUTENCAO E REPARACAO DE MAQUINAS E EQUIPAMENTOS PARA AS INDUSTRIAS DE ALIMENTOS BEBIDAS E FUMO,2023-06-03 01:16:22
654,3314710,MANUTENCAO E REPARACAO DE MAQUINAS E EQUIPAMENTOS PARA USO GERAL NAO ESPECIFICADOS ANTERIORMENTE,2023-06-03 01:16:22
655,3314708,MANUTENCAO E REPARACAO DE MAQUINAS EQUIPAMENTOS E APARELHOS PARA TRANSPORTE E ELEVACAO DE CARGAS,2023-06-03 01:16:22
656,3314713,MANUTENCAO E REPARACAO DE MAQUINAS FERRAMENTA,2023-06-03 01:16:22
657,4543900,MANUTENCAO E REPARACAO DE MOTOCICLETAS E MOTONETAS,2023-06-03 01:16:22
658,3314799,MANUTENCAO E REPARACAO DE OUTRAS MAQUINAS E EQUIPAMENTOS PARA USOS INDUSTRIAIS NAO ESPECIFICADOS ANTERIORMENTE,2023-06-03 01:16:22
659,3311200,MANUTENCAO E REPARACAO DE TANQUES RESERVATORIOS METALICOS E CALDEIRAS EXCETO PARA VEICULOS,2023-06-03 01:16:22
660,7319003,MARKETING DIRETO,2023-06-03 01:16:22
661,7319003,MARKETING DIRETO DISPENSADA,2023-06-03 01:16:22
662,8299701,MEDICAO DE CONSUMO DE ENERGIA ELETRICA GAS E AGUA,2023-06-03 01:16:22
663,2449199,METALURGIA DE OUTROS METAIS NAO FERROSOS E SUAS LIGAS NAO ESPECIFICADOS ANTERIORMENTE,2023-06-03 01:16:22
664,2443100,METALURGIA DO COBRE,2023-06-03 01:16:22
665,1062700,MOAGEM DE TRIGO E FABRICACAO DE DERIVADOS,2023-06-03 01:16:22
666,1069400,MOAGEM E FABRICACAO DE PRODUTOS DE ORIGEM VEGETAL NAO ESPECIFICADOS ANTERIORMENTE,2023-06-03 01:16:22
667,4292801,MONTAGEM DE ESTRUTURAS METALICAS,2023-06-03 01:16:22
668,4399102,MONTAGEM E DESMONTAGEM DE ANDAIMES E OUTRAS ESTRUTURAS TEMPORARIAS,2023-06-03 01:16:22
669,4329104,MONTAGEM E INSTALACAO DE SISTEMAS E EQUIPAMENTOS DE ILUMINACAO E SINALIZACAO EM VIAS PUBLICAS PORTOS E AEROPORTOS,2023-06-03 01:16:22
670,5510803,MOTEIS,2023-06-03 01:16:22
671,5030101,NAVEGACAO DE APOIO MARITIMO,2023-06-03 01:16:22
672,4330403,OBRAS DE ACABAMENTO EM GESSO E ESTUQUE,2023-06-03 01:16:22
673,4399103,OBRAS DE ALVENARIA,2023-06-03 01:16:22
674,4391600,OBRAS DE FUNDACOES,2023-06-03 01:16:22
675,4313400,OBRAS DE TERRAPLENAGEM,2023-06-03 01:16:22
676,4213800,OBRAS DE URBANIZACAO RUAS PRACAS E CALCADAS,2023-06-03 01:16:22
677,5250805,OPERADOR DE TRANSPORTE MULTIMODAL OTM,2023-06-03 01:16:22
678,7912100,OPERADORES TURISTICOS,2023-06-03 01:16:22
679,4929903,ORGANIZACAO DE EXCURSOES EM VEICULOS RODOVIARIOS PROPRIOS MUNICIPAL,2023-06-03 01:16:22
680,5250804,ORGANIZACAO LOGISTICA DO TRANSPORTE DE CARGA,2023-06-03 01:16:22
681,9412099,OUTRAS ATIVIDADES ASSOCIATIVAS PROFISSIONAIS,2023-06-03 01:16:22
682,6619399,OUTRAS ATIVIDADES AUXILIARES DOS SERVICOS FINANCEIROS NAO ESPECIFICADAS ANTERIORMENTE,2023-06-03 01:16:22
683,5229099,OUTRAS ATIVIDADES AUXILIARES DOS TRANSPORTES TERRESTRES NAO ESPECIFICADAS ANTERIORMENTE,2023-06-03 01:16:22
684,8690999,OUTRAS ATIVIDADES DE ATENCAO A SAUDE HUMANA NAO ESPECIFICADAS ANTERIORMENTE,2023-06-03 01:16:22
685,8599699,OUTRAS ATIVIDADES DE ENSINO NAO ESPECIFICADAS ANTERIORMENTE,2023-06-03 01:16:22
686,6399200,OUTRAS ATIVIDADES DE PRESTACAO DE SERVICOS DE INFORMACAO NAO ESPECIFICADAS ANTERIORMENTE,2023-06-03 01:16:22
687,7319099,OUTRAS ATIVIDADES DE PUBLICIDADE NAO ESPECIFICADAS ANTERIORMENTE,2023-06-03 01:16:22
688,9329899,OUTRAS ATIVIDADES DE RECREACAO E LAZER NAO ESPECIFICADAS ANTERIORMENTE,2023-06-03 01:16:22
689,8020002,OUTRAS ATIVIDADES DE SERVICOS DE SEGURANCA,2023-06-03 01:16:22
690,6499999,OUTRAS ATIVIDADES DE SERVICOS FINANCEIROS NAO ESPECIFICADAS ANTERIORMENTE,2023-06-03 01:16:22
691,9609299,OUTRAS ATIVIDADES DE SERVICOS PESSOAIS NAO ESPECIFICADAS ANTERIORMENTE,2023-06-03 01:16:22
692,8299799,OUTRAS ATIVIDADES DE SERVICOS PRESTADOS PRINCIPALMENTE AS EMPRESAS NAO ESPECIFICADAS ANTERIORMENTE,2023-06-03 01:16:22
693,6190699,OUTRAS ATIVIDADES DE TELECOMUNICACOES NAO ESPECIFICADAS ANTERIORMENTE,2023-06-03 01:16:22
694,9319199,OUTRAS ATIVIDADES ESPORTIVAS NAO ESPECIFICADAS ANTERIORMENTE,2023-06-03 01:16:22
695,7490199,OUTRAS ATIVIDADES PROFISSIONAIS CIENTIFICAS E TECNICAS NAO ESPECIFICADAS ANTERIORMENTE,2023-06-03 01:16:22
696,7490199,OUTRAS ATIVIDADES PROFISSIONAIS CIENTIFICAS E TECNICAS NAO ESPECIFICADAS ANTERIORMENTE DISPENSADA,2023-06-03 01:16:22
697,4330499,OUTRAS OBRAS DE ACABAMENTO DA CONSTRUCAO,2023-06-03 01:16:22
698,4299599,OUTRAS OBRAS DE ENGENHARIA CIVIL NAO ESPECIFICADAS ANTERIORMENTE,2023-06-03 01:16:22
699,6463800,OUTRAS SOCIEDADES DE PARTICIPACAO EXCETO HOLDINGS,2023-06-03 01:16:22
700,6463800,OUTRAS SOCIEDADES DE PARTICIPACAO EXCETO HOLDINGS DISPENSADA,2023-06-03 01:16:22
701,5590699,OUTROS ALOJAMENTOS NAO ESPECIFICADOS ANTERIORMENTE,2023-06-03 01:16:22
702,4618499,OUTROS REPRESENTANTES COMERCIAIS E AGENTES DO COMERCIO ESPECIALIZADO EM PRODUTOS NAO ESPECIFICADOS ANTERIORMENTE,2023-06-03 01:16:22
703,4618499,OUTROS REPRESENTANTES COMERCIAIS E AGENTES DO COMERCIO ESPECIALIZADO EM PRODUTOS NAO ESPECIFICADOS ANTERIORMENTE DISPENSADA,2023-06-03 01:16:22
704,1340599,OUTROS SERVICOS DE ACABAMENTO EM FIOS TECIDOS ARTEFATOS TEXTEIS E PECAS DO VESTUARIO,2023-06-03 01:16:22
705,5099899,OUTROS TRANSPORTES AQUAVIARIOS NAO ESPECIFICADOS ANTERIORMENTE,2023-06-03 01:16:22
706,4721102,PADARIA E CONFEITARIA COM PREDOMINANCIA DE REVENDA,2023-06-03 01:16:22
707,4721102,PADARIA E CONFEITARIA COM PREDOMINANCIA DE REVENDA DISPENSADA,2023-06-03 01:16:22
708,4722902,PEIXARIA,2023-06-03 01:16:22
709,5590603,PENSOES ALOJAMENTO,2023-06-03 01:16:22
710,5590603,PENSOES ALOJAMENTO DISPENSADA,2023-06-03 01:16:22
711,4399105,PERFURACAO E CONSTRUCAO DE POCOS DE AGUA,2023-06-03 01:16:22
712,6621501,PERITOS E AVALIADORES DE SEGUROS,2023-06-03 01:16:22
713,311602,PESCA DE CRUSTACEOS E MOLUSCOS EM AGUA SALGADA,2023-06-03 01:16:22
714,312401,PESCA DE PEIXES EM AGUA DOCE,2023-06-03 01:16:22
715,7210000,PESQUISA E DESENVOLVIMENTO EXPERIMENTAL EM CIENCIAS FISICAS E NATURAIS,2023-06-03 01:16:22
716,7320300,PESQUISAS DE MERCADO E DE OPINIAO PUBLICA,2023-06-03 01:16:22
717,4211102,PINTURA PARA SINALIZACAO EM PISTAS RODOVIARIAS E AEROPORTOS,2023-06-03 01:16:22
718,6550200,PLANOS DE SAUDE,2023-06-03 01:16:22
719,6319400,PORTAIS PROVEDORES DE CONTEUDO E OUTROS SERVICOS DE INFORMACAO NA INTERNET,2023-06-03 01:16:22
720,6319400,PORTAIS PROVEDORES DE CONTEUDO E OUTROS SERVICOS DE INFORMACAO NA INTERNET DISPENSADA,2023-06-03 01:16:22
721,8219999,PREPARACAO DE DOCUMENTOS E SERVICOS ESPECIALIZADOS DE APOIO ADMINISTRATIVO NAO ESPECIFICADOS ANTERIORMENTE,2023-06-03 01:16:22
722,8219999,PREPARACAO DE DOCUMENTOS E SERVICOS ESPECIALIZADOS DE APOIO ADMINISTRATIVO NAO ESPECIFICADOS ANTERIORMENTE DISPENSADA,2023-06-03 01:16:22
723,2330305,PREPARACAO DE MASSA DE CONCRETO E ARGAMASSA PARA CONSTRUCAO,2023-06-03 01:16:22
724,1311100,PREPARACAO E FIACAO DE FIBRAS DE ALGODAO,2023-06-03 01:16:22
725,2441501,PRODUCAO DE ALUMINIO E SUAS LIGAS EM FORMAS PRIMARIAS,2023-06-03 01:16:22
726,2532201,PRODUCAO DE ARTEFATOS ESTAMPADOS DE METAL,2023-06-03 01:16:22
727,210108,PRODUCAO DE CARVAO VEGETAL FLORESTAS PLANTADAS,2023-06-03 01:16:22
728,9001905,PRODUCAO DE ESPETACULOS DE RODEIOS VAQUEJADAS E SIMILARES,2023-06-03 01:16:22
729,2412100,PRODUCAO DE FERROLIGAS,2023-06-03 01:16:22
730,5911102,PRODUCAO DE FILMES PARA PUBLICIDADE,2023-06-03 01:16:22
731,2423702,PRODUCAO DE LAMINADOS LONGOS DE ACO EXCETO TUBOS,2023-06-03 01:16:22
732,2422901,PRODUCAO DE LAMINADOS PLANOS DE ACO AO CARBONO REVESTIDOS OU NAO,2023-06-03 01:16:22
733,142300,PRODUCAO DE MUDAS E OUTRAS FORMAS DE PROPAGACAO VEGETAL CERTIFICADAS,2023-06-03 01:16:22
734,155505,PRODUCAO DE OVOS,2023-06-03 01:16:22
735,210199,PRODUCAO DE PRODUTOS NAO MADEIREIROS NAO ESPECIFICADOS ANTERIORMENTE EM FLORESTAS PLANTADAS,2023-06-03 01:16:22
736,2424502,PRODUCAO DE RELAMINADOS TREFILADOS E PERFILADOS DE ACO EXCETO ARAMES,2023-06-03 01:16:22
737,141501,PRODUCAO DE SEMENTES CERTIFICADAS EXCETO DE FORRAGEIRAS PARA PASTO,2023-06-03 01:16:22
738,2423701,PRODUCAO DE TUBOS DE ACO SEM COSTURA,2023-06-03 01:16:22
739,9319101,PRODUCAO E PROMOCAO DE EVENTOS ESPORTIVOS,2023-06-03 01:16:22
740,9001902,PRODUCAO MUSICAL,2023-06-03 01:16:22
741,9001901,PRODUCAO TEATRAL,2023-06-03 01:16:22
742,7319002,PROMOCAO DE VENDAS,2023-06-03 01:16:22
743,7319002,PROMOCAO DE VENDAS DISPENSADA,2023-06-03 01:16:22
744,6190601,PROVEDORES DE ACESSO AS REDES DE COMUNICACOES,2023-06-03 01:16:22
745,4751202,RECARGA DE CARTUCHOS PARA EQUIPAMENTOS DE INFORMATICA,2023-06-03 01:16:22
746,2950600,RECONDICIONAMENTO E RECUPERACAO DE MOTORES PARA VEICULOS AUTOMOTORES,2023-06-03 01:16:22
747,3831999,RECUPERACAO DE MATERIAIS METALICOS EXCETO ALUMINIO,2023-06-03 01:16:22
748,3839499,RECUPERACAO DE MATERIAIS NAO ESPECIFICADOS ANTERIORMENTE,2023-06-03 01:16:22
749,3832700,RECUPERACAO DE MATERIAIS PLASTICOS,2023-06-03 01:16:22
750,3831901,RECUPERACAO DE SUCATAS DE ALUMINIO,2023-06-03 01:16:22
751,892403,REFINO E OUTROS TRATAMENTOS DO SAL,2023-06-03 01:16:22
752,2212900,REFORMA DE PNEUMATICOS USADOS,2023-06-03 01:16:22
753,8412400,REGULACAO DAS ATIVIDADES DE SAUDE EDUCACAO SERVICOS CULTURAIS E OUTROS SERVICOS SOCIAIS,2023-06-03 01:16:22
754,8413200,REGULACAO DAS ATIVIDADES ECONOMICAS,2023-06-03 01:16:22
755,9529105,REPARACAO DE ARTIGOS DO MOBILIARIO,2023-06-03 01:16:22
756,9529104,REPARACAO DE BICICLETAS TRICICLOS E OUTROS VEICULOS NAO MOTORIZADOS,2023-06-03 01:16:22
757,9529101,REPARACAO DE CALCADOS BOLSAS E ARTIGOS DE VIAGEM,2023-06-03 01:16:22
758,9529106,REPARACAO DE JOIAS,2023-06-03 01:16:22
759,9511800,REPARACAO E MANUTENCAO DE COMPUTADORES E DE EQUIPAMENTOS PERIFERICOS,2023-06-03 01:16:22
760,9511800,REPARACAO E MANUTENCAO DE COMPUTADORES E DE EQUIPAMENTOS PERIFERICOS DISPENSADA,2023-06-03 01:16:22
761,9512600,REPARACAO E MANUTENCAO DE EQUIPAMENTOS DE COMUNICACAO,2023-06-03 01:16:22
762,9521500,REPARACAO E MANUTENCAO DE EQUIPAMENTOS ELETROELETRONICOS DE USO PESSOAL E DOMESTICO,2023-06-03 01:16:22
763,9529199,REPARACAO E MANUTENCAO DE OUTROS OBJETOS E EQUIPAMENTOS PESSOAIS E DOMESTICOS NAO ESPECIFICADOS ANTERIORMENTE,2023-06-03 01:16:22
764,4612500,REPRESENTANTES COMERCIAIS E AGENTES DO COMERCIO DE COMBUSTIVEIS MINERAIS PRODUTOS SIDERURGICOS E QUIMICOS,2023-06-03 01:16:22
765,4615000,REPRESENTANTES COMERCIAIS E AGENTES DO COMERCIO DE ELETRODOMESTICOS MOVEIS E ARTIGOS DE USO DOMESTICO,2023-06-03 01:16:22
766,4613300,REPRESENTANTES COMERCIAIS E AGENTES DO COMERCIO DE MADEIRA MATERIAL DE CONSTRUCAO E FERRAGENS,2023-06-03 01:16:22
767,4613300,REPRESENTANTES COMERCIAIS E AGENTES DO COMERCIO DE MADEIRA MATERIAL DE CONSTRUCAO E FERRAGENS DISPENSADA,2023-06-03 01:16:22
768,4614100,REPRESENTANTES COMERCIAIS E AGENTES DO COMERCIO DE MAQUINAS EQUIPAMENTOS EMBARCACOES E AERONAVES,2023-06-03 01:16:22
769,4611700,REPRESENTANTES COMERCIAIS E AGENTES DO COMERCIO DE MATERIAS PRIMAS AGRICOLAS E ANIMAIS VIVOS,2023-06-03 01:16:22
770,4618401,REPRESENTANTES COMERCIAIS E AGENTES DO COMERCIO DE MEDICAMENTOS COSMETICOS E PRODUTOS DE PERFUMARIA,2023-06-03 01:16:22
771,4619200,REPRESENTANTES COMERCIAIS E AGENTES DO COMERCIO DE MERCADORIAS EM GERAL NAO ESPECIALIZADO,2023-06-03 01:16:22
772,4619200,REPRESENTANTES COMERCIAIS E AGENTES DO COMERCIO DE MERCADORIAS EM GERAL NAO ESPECIALIZADO DISPENSADA,2023-06-03 01:16:22
773,4542101,REPRESENTANTES COMERCIAIS E AGENTES DO COMERCIO DE MOTOCICLETAS E MOTONETAS PECAS E ACESSORIOS,2023-06-03 01:16:22
774,4530706,REPRESENTANTES COMERCIAIS E AGENTES DO COMERCIO DE PECAS E ACESSORIOS NOVOS E USADOS PARA VEICULOS AUTOMOTORES,2023-06-03 01:16:22
775,4617600,REPRESENTANTES COMERCIAIS E AGENTES DO COMERCIO DE PRODUTOS ALIMENTICIOS BEBIDAS E FUMO,2023-06-03 01:16:22
776,4617600,REPRESENTANTES COMERCIAIS E AGENTES DO COMERCIO DE PRODUTOS ALIMENTICIOS BEBIDAS E FUMO DISPENSADA,2023-06-03 01:16:22
777,4616800,REPRESENTANTES COMERCIAIS E AGENTES DO COMERCIO DE TEXTEIS VESTUARIO CALCADOS E ARTIGOS DE VIAGEM,2023-06-03 01:16:22
778,4616800,REPRESENTANTES COMERCIAIS E AGENTES DO COMERCIO DE TEXTEIS VESTUARIO CALCADOS E ARTIGOS DE VIAGEM DISPENSADA,2023-06-03 01:16:22
779,4512901,REPRESENTANTES COMERCIAIS E AGENTES DO COMERCIO DE VEICULOS AUTOMOTORES,2023-06-03 01:16:22
780,6530800,RESSEGUROS,2023-06-03 01:16:22
781,9002702,RESTAURACAO DE OBRAS DE ARTE,2023-06-03 01:16:22
782,5611201,RESTAURANTES E SIMILARES,2023-06-03 01:16:22
783,5611201,RESTAURANTES E SIMILARES DISPENSADA,2023-06-03 01:16:22
784,8299707,SALAS DE ACESSO A INTERNET,2023-06-03 01:16:22
785,6492100,SECURITIZACAO DE CREDITOS,2023-06-03 01:16:22
786,6492100,SECURITIZACAO DE CREDITOS DISPENSADA,2023-06-03 01:16:22
787,7810800,SELECAO E AGENCIAMENTO DE MAO DE OBRA,2023-06-03 01:16:22
788,1610203,SERRARIAS COM DESDOBRAMENTO DE MADEIRA EM BRUTO,2023-06-03 01:16:22
789,1610204,SERRARIAS SEM DESDOBRAMENTO DE MADEIRA EM BRUTO RESSERRAGEM,2023-06-03 01:16:22
790,2599302,SERVICO DE CORTE E DOBRA DE METAIS,2023-06-03 01:16:22
791,161002,SERVICO DE PODA DE ARVORES PARA LAVOURAS,2023-06-03 01:16:22
792,161003,SERVICO DE PREPARACAO DE TERRENO CULTIVO E COLHEITA,2023-06-03 01:16:22
793,161001,SERVICO DE PULVERIZACAO E CONTROLE DE PRAGAS AGRICOLAS,2023-06-03 01:16:22
794,4923001,SERVICO DE TAXI,2023-06-03 01:16:22
795,4923002,SERVICO DE TRANSPORTE DE PASSAGEIROS LOCACAO DE AUTOMOVEIS COM MOTORISTA,2023-06-03 01:16:22
796,6911701,SERVICOS ADVOCATICIOS,2023-06-03 01:16:22
797,6911701,SERVICOS ADVOCATICIOS DISPENSADA,2023-06-03 01:16:22
798,5612100,SERVICOS AMBULANTES DE ALIMENTACAO,2023-06-03 01:16:22
799,8211300,SERVICOS COMBINADOS DE ESCRITORIO E APOIO ADMINISTRATIVO,2023-06-03 01:16:22
800,8211300,SERVICOS COMBINADOS DE ESCRITORIO E APOIO ADMINISTRATIVO DISPENSADA,2023-06-03 01:16:22
801,8111700,SERVICOS COMBINADOS PARA APOIO A EDIFICIOS EXCETO CONDOMINIOS PREDIAIS,2023-06-03 01:16:22
802,1822999,SERVICOS DE ACABAMENTOS GRAFICOS EXCETO ENCADERNACAO E PLASTIFICACAO,2023-06-03 01:16:22
803,8011102,SERVICOS DE ADESTRAMENTO DE CAES DE GUARDA,2023-06-03 01:16:22
804,7490103,SERVICOS DE AGRONOMIA E DE CONSULTORIA AS ATIVIDADES AGRICOLAS E PECUARIAS,2023-06-03 01:16:22
805,7490103,SERVICOS DE AGRONOMIA E DE CONSULTORIA AS ATIVIDADES AGRICOLAS E PECUARIAS DISPENSADA,2023-06-03 01:16:22
806,5620102,SERVICOS DE ALIMENTACAO PARA EVENTOS E RECEPCOES BUFE,2023-06-03 01:16:22
807,4520004,SERVICOS DE ALINHAMENTO E BALANCEAMENTO DE VEICULOS AUTOMOTORES,2023-06-03 01:16:22
808,7111100,SERVICOS DE ARQUITETURA,2023-06-03 01:16:22
809,7111100,SERVICOS DE ARQUITETURA DISPENSADA,2023-06-03 01:16:22
810,8800600,SERVICOS DE ASSISTENCIA SOCIAL SEM ALOJAMENTO,2023-06-03 01:16:22
811,4520006,SERVICOS DE BORRACHARIA PARA VEICULOS AUTOMOTORES,2023-06-03 01:16:22
812,7119701,SERVICOS DE CARTOGRAFIA TOPOGRAFIA E GEODESIA DISPENSADA,2023-06-03 01:16:22
813,6110803,SERVICOS DE COMUNICACAO MULTIMIDIA SCM,2023-06-03 01:16:22
814,2599301,SERVICOS DE CONFECCAO DE ARMACOES METALICAS PARA A CONSTRUCAO,2023-06-03 01:16:22
815,7119703,SERVICOS DE DESENHO TECNICO RELACIONADOS A ARQUITETURA E ENGENHARIA,2023-06-03 01:16:22
816,7119703,SERVICOS DE DESENHO TECNICO RELACIONADOS A ARQUITETURA E ENGENHARIA DISPENSADA,2023-06-03 01:16:22
817,8640205,SERVICOS DE DIAGNOSTICO POR IMAGEM COM USO DE RADIACAO IONIZANTE EXCETO TOMOGRAFIA,2023-06-03 01:16:22
818,8640207,SERVICOS DE DIAGNOSTICO POR IMAGEM SEM USO DE RADIACAO IONIZANTE EXCETO RESSONANCIA MAGNETICA,2023-06-03 01:16:22
819,8640209,SERVICOS DE DIAGNOSTICO POR METODOS OPTICOS ENDOSCOPIA E OUTROS EXAMES ANALOGOS,2023-06-03 01:16:22
820,8640208,SERVICOS DE DIAGNOSTICO POR REGISTRO GRAFICO ECG EEG E OUTROS EXAMES ANALOGOS,2023-06-03 01:16:22
821,8640203,SERVICOS DE DIALISE E NEFROLOGIA,2023-06-03 01:16:22
822,7112000,SERVICOS DE ENGENHARIA,2023-06-03 01:16:22
823,7112000,SERVICOS DE ENGENHARIA DISPENSADA,2023-06-03 01:16:22
824,5320202,SERVICOS DE ENTREGA RAPIDA,2023-06-03 01:16:22
825,9603304,SERVICOS DE FUNERARIAS,2023-06-03 01:16:22
826,8299703,SERVICOS DE GRAVACAO DE CARIMBOS EXCETO CONFECCAO,2023-06-03 01:16:22
827,4520007,SERVICOS DE INSTALACAO MANUTENCAO E REPARACAO DE ACESSORIOS PARA VEICULOS AUTOMOTORES,2023-06-03 01:16:22
828,4520002,SERVICOS DE LANTERNAGEM OU FUNILARIA E PINTURA DE VEICULOS AUTOMOTORES,2023-06-03 01:16:22
829,4520005,SERVICOS DE LAVAGEM LUBRIFICACAO E POLIMENTO DE VEICULOS AUTOMOTORES,2023-06-03 01:16:22
830,5320201,SERVICOS DE MALOTE NAO REALIZADOS PELO CORREIO NACIONAL,2023-06-03 01:16:22
831,4520003,SERVICOS DE MANUTENCAO E REPARACAO ELETRICA DE VEICULOS AUTOMOTORES,2023-06-03 01:16:22
832,4520001,SERVICOS DE MANUTENCAO E REPARACAO MECANICA DE VEICULOS AUTOMOTORES,2023-06-03 01:16:22
833,4520001,SERVICOS DE MANUTENCAO E REPARACAO MECANICA DE VEICULOS AUTOMOTORES DISPENSADA,2023-06-03 01:16:22
834,3329501,SERVICOS DE MONTAGEM DE MOVEIS DE QUALQUER MATERIAL,2023-06-03 01:16:22
835,4399104,SERVICOS DE OPERACAO E FORNECIMENTO DE EQUIPAMENTOS PARA TRANSPORTE E ELEVACAO DE CARGAS E PESSOAS PARA USO EM OBRAS,2023-06-03 01:16:22
836,8230001,SERVICOS DE ORGANIZACAO DE FEIRAS CONGRESSOS EXPOSICOES E FESTAS,2023-06-03 01:16:22
837,8230001,SERVICOS DE ORGANIZACAO DE FEIRAS CONGRESSOS EXPOSICOES E FESTAS DISPENSADA,2023-06-03 01:16:22
838,7119704,SERVICOS DE PERICIA TECNICA RELACIONADOS A SEGURANCA DO TRABALHO,2023-06-03 01:16:22
839,4330404,SERVICOS DE PINTURA DE EDIFICIOS EM GERAL,2023-06-03 01:16:22
840,1821100,SERVICOS DE PRE IMPRESSAO,2023-06-03 01:16:22
841,5229002,SERVICOS DE REBOQUE DE VEICULOS,2023-06-03 01:16:22
842,8622400,SERVICOS DE REMOCAO DE PACIENTES EXCETO OS SERVICOS MOVEIS DE ATENDIMENTO A URGENCIAS,2023-06-03 01:16:22
843,7990200,SERVICOS DE RESERVAS E OUTROS SERVICOS DE TURISMO NAO ESPECIFICADOS ANTERIORMENTE,2023-06-03 01:16:22
844,8640206,SERVICOS DE RESSONANCIA MAGNETICA,2023-06-03 01:16:22
845,9609206,SERVICOS DE TATUAGEM E COLOCACAO DE PIERCING,2023-06-03 01:16:22
846,6120599,SERVICOS DE TELECOMUNICACOES SEM FIO NAO ESPECIFICADOS ANTERIORMENTE,2023-06-03 01:16:22
847,6110801,SERVICOS DE TELEFONIA FIXA COMUTADA STFC,2023-06-03 01:16:22
848,8640204,SERVICOS DE TOMOGRAFIA,2023-06-03 01:16:22
849,7490101,SERVICOS DE TRADUCAO INTERPRETACAO E SIMILARES,2023-06-03 01:16:22
850,2539001,SERVICOS DE USINAGEM TORNEARIA E SOLDA,2023-06-03 01:16:22
851,2539001,SERVICOS DE USINAGEM TORNEARIA E SOLDA DISPENSADA,2023-06-03 01:16:22
852,8630506,SERVICOS DE VACINACAO E IMUNIZACAO HUMANA,2023-06-03 01:16:22
853,9700500,SERVICOS DOMESTICOS,2023-06-03 01:16:22
854,4399199,SERVICOS ESPECIALIZADOS PARA CONSTRUCAO NAO ESPECIFICADOS ANTERIORMENTE,2023-06-03 01:16:22
855,8621602,SERVICOS MOVEIS DE ATENDIMENTO A URGENCIAS EXCETO POR UTI MOVEL,2023-06-03 01:16:22
856,6512000,SOCIEDADE SEGURADORA DE SEGUROS NAO VIDA,2023-06-03 01:16:22
857,6436100,SOCIEDADES DE CREDITO FINANCIAMENTO E INVESTIMENTO FINANCEIRAS,2023-06-03 01:16:22
858,6491300,SOCIEDADES DE FOMENTO MERCANTIL FACTORING,2023-06-03 01:16:22
859,6499902,SOCIEDADES DE INVESTIMENTO,2023-06-03 01:16:22
860,6209100,SUPORTE TECNICO MANUTENCAO E OUTROS SERVICOS EM TECNOLOGIA DA INFORMACAO,2023-06-03 01:16:22
861,6209100,SUPORTE TECNICO MANUTENCAO E OUTROS SERVICOS EM TECNOLOGIA DA INFORMACAO DISPENSADA,2023-06-03 01:16:22
862,4729601,TABACARIA,2023-06-03 01:16:22
863,4729601,TABACARIA DISPENSADA,2023-06-03 01:16:22
864,1321900,TECELAGEM DE FIOS DE ALGODAO,2023-06-03 01:16:22
865,1323500,TECELAGEM DE FIOS DE FIBRAS ARTIFICIAIS E SINTETICAS,2023-06-03 01:16:22
866,1322700,TECELAGEM DE FIOS DE FIBRAS TEXTEIS NATURAIS EXCETO ALGODAO,2023-06-03 01:16:22
867,6120501,TELEFONIA MOVEL CELULAR,2023-06-03 01:16:22
868,7120100,TESTES E ANALISES TECNICAS,2023-06-03 01:16:22
869,9601702,TINTURARIAS,2023-06-03 01:16:22
870,9601703,TOALHEIROS,2023-06-03 01:16:22
871,1081302,TORREFACAO E MOAGEM DE CAFE,2023-06-03 01:16:22
872,3512300,TRANSMISSAO DE ENERGIA ELETRICA,2023-06-03 01:16:22
873,5099801,TRANSPORTE AQUAVIARIO PARA PASSEIOS TURISTICOS,2023-06-03 01:16:22
874,4924800,TRANSPORTE ESCOLAR,2023-06-03 01:16:22
875,4911600,TRANSPORTE FERROVIARIO DE CARGA,2023-06-03 01:16:22
876,5091202,TRANSPORTE POR NAVEGACAO DE TRAVESSIA INTERMUNICIPAL INTERESTADUAL E INTERNACIONAL,2023-06-03 01:16:22
877,5091201,TRANSPORTE POR NAVEGACAO DE TRAVESSIA MUNICIPAL,2023-06-03 01:16:22
878,5021102,TRANSPORTE POR NAVEGACAO INTERIOR DE CARGA INTERMUNICIPAL INTERESTADUAL E INTERNACIONAL EXCETO TRAVESSIA,2023-06-03 01:16:22
879,4922102,TRANSPORTE RODOVIARIO COLETIVO DE PASSAGEIROS COM ITINERARIO FIXO INTERESTADUAL,2023-06-03 01:16:22
880,4921302,TRANSPORTE RODOVIARIO COLETIVO DE PASSAGEIROS COM ITINERARIO FIXO INTERMUNICIPAL EM REGIAO METROPOLITANA,2023-06-03 01:16:22
881,4922101,TRANSPORTE RODOVIARIO COLETIVO DE PASSAGEIROS COM ITINERARIO FIXO INTERMUNICIPAL EXCETO EM REGIAO METROPOLITANA,2023-06-03 01:16:22
882,4921301,TRANSPORTE RODOVIARIO COLETIVO DE PASSAGEIROS COM ITINERARIO FIXO MUNICIPAL,2023-06-03 01:16:22
883,4929902,TRANSPORTE RODOVIARIO COLETIVO DE PASSAGEIROS SOB REGIME DE FRETAMENTO INTERMUNICIPAL INTERESTADUAL E INTERNACIONAL,2023-06-03 01:16:22
884,4929901,TRANSPORTE RODOVIARIO COLETIVO DE PASSAGEIROS SOB REGIME DE FRETAMENTO MUNICIPAL,2023-06-03 01:16:22
885,4930202,TRANSPORTE RODOVIARIO DE CARGA EXCETO PRODUTOS PERIGOSOS E MUDANCAS INTERMUNICIPAL INTERESTADUAL E INTERNACIONAL,2023-06-03 01:16:22
886,4930202,TRANSPORTE RODOVIARIO DE CARGA EXCETO PRODUTOS PERIGOSOS E MUDANCAS INTERMUNICIPAL INTERESTADUAL E INTERNACIONAL DISPENSADA,2023-06-03 01:16:22
887,4930201,TRANSPORTE RODOVIARIO DE CARGA EXCETO PRODUTOS PERIGOSOS E MUDANCAS MUNICIPAL,2023-06-03 01:16:22
888,4930204,TRANSPORTE RODOVIARIO DE MUDANCAS,2023-06-03 01:16:22
889,4930203,TRANSPORTE RODOVIARIO DE PRODUTOS PERIGOSOS,2023-06-03 01:16:22
890,6311900,TRATAMENTO DE DADOS PROVEDORES DE SERVICOS DE APLICACAO E SERVICOS DE HOSPEDAGEM NA INTERNET,2023-06-03 01:16:22
891,6311900,TRATAMENTO DE DADOS PROVEDORES DE SERVICOS DE APLICACAO E SERVICOS DE HOSPEDAGEM NA INTERNET DISPENSADA,2023-06-03 01:16:22
892,3821100,TRATAMENTO E DISPOSICAO DE RESIDUOS NAO PERIGOSOS,2023-06-03 01:16:22
893,4329105,TRATAMENTOS TERMICOS ACUSTICOS OU DE VIBRACAO,2023-06-03 01:16:22
894,8599604,TREINAMENTO EM DESENVOLVIMENTO PROFISSIONAL E GERENCIAL,2023-06-03 01:16:22
895,8599604,TREINAMENTO EM DESENVOLVIMENTO PROFISSIONAL E GERENCIAL DISPENSADA,2023-06-03 01:16:22
896,8599603,TREINAMENTO EM INFORMATICA,2023-06-03 01:16:22
897,8599603,TREINAMENTO EM INFORMATICA DISPENSADA,2023-06-03 01:16:22
898,3839401,USINAS DE COMPOSTAGEM,2023-06-03 01:16:22
